[02-Apr-2025 13:14:26 UTC] PHP Fatal error:  Uncaught Error: Class "App\Views\Display" not found in C:\Users\koloz\Documents\Files\Iskola\2024-25\web\school_OOP\app\Routing\Router.php:84
Stack trace:
#0 C:\Users\koloz\Documents\Files\Iskola\2024-25\web\school_OOP\app\Routing\Router.php(56): App\Routing\Router->notFound()
#1 C:\Users\koloz\Documents\Files\Iskola\2024-25\web\school_OOP\app\Routing\Router.php(29): App\Routing\Router->handleGetRequests('/css/school.css')
#2 C:\Users\koloz\Documents\Files\Iskola\2024-25\web\school_OOP\app\Routing\Router.php(22): App\Routing\Router->dispatch('GET', '/css/school.css')
#3 C:\Users\koloz\Documents\Files\Iskola\2024-25\web\school_OOP\Public\index.php(11): App\Routing\Router->handle()
#4 {main}
  thrown in C:\Users\koloz\Documents\Files\Iskola\2024-25\web\school_OOP\app\Routing\Router.php on line 84
[02-Apr-2025 13:14:26 UTC] PHP Fatal error:  Uncaught Error: Class "App\Views\Display" not found in C:\Users\koloz\Documents\Files\Iskola\2024-25\web\school_OOP\app\Routing\Router.php:84
Stack trace:
#0 C:\Users\koloz\Documents\Files\Iskola\2024-25\web\school_OOP\app\Routing\Router.php(56): App\Routing\Router->notFound()
#1 C:\Users\koloz\Documents\Files\Iskola\2024-25\web\school_OOP\app\Routing\Router.php(29): App\Routing\Router->handleGetRequests('/fontawesome/cs...')
#2 C:\Users\koloz\Documents\Files\Iskola\2024-25\web\school_OOP\app\Routing\Router.php(22): App\Routing\Router->dispatch('GET', '/fontawesome/cs...')
#3 C:\Users\koloz\Documents\Files\Iskola\2024-25\web\school_OOP\Public\index.php(11): App\Routing\Router->handle()
#4 {main}
  thrown in C:\Users\koloz\Documents\Files\Iskola\2024-25\web\school_OOP\app\Routing\Router.php on line 84
[02-Apr-2025 13:14:38 UTC] PHP Fatal error:  Uncaught Error: Class "App\Views\Display" not found in C:\Users\koloz\Documents\Files\Iskola\2024-25\web\school_OOP\app\Routing\Router.php:84
Stack trace:
#0 C:\Users\koloz\Documents\Files\Iskola\2024-25\web\school_OOP\app\Routing\Router.php(56): App\Routing\Router->notFound()
#1 C:\Users\koloz\Documents\Files\Iskola\2024-25\web\school_OOP\app\Routing\Router.php(29): App\Routing\Router->handleGetRequests('/css/school.css')
#2 C:\Users\koloz\Documents\Files\Iskola\2024-25\web\school_OOP\app\Routing\Router.php(22): App\Routing\Router->dispatch('GET', '/css/school.css')
#3 C:\Users\koloz\Documents\Files\Iskola\2024-25\web\school_OOP\Public\index.php(11): App\Routing\Router->handle()
#4 {main}
  thrown in C:\Users\koloz\Documents\Files\Iskola\2024-25\web\school_OOP\app\Routing\Router.php on line 84
[02-Apr-2025 13:14:38 UTC] PHP Fatal error:  Uncaught Error: Class "App\Views\Display" not found in C:\Users\koloz\Documents\Files\Iskola\2024-25\web\school_OOP\app\Routing\Router.php:84
Stack trace:
#0 C:\Users\koloz\Documents\Files\Iskola\2024-25\web\school_OOP\app\Routing\Router.php(56): App\Routing\Router->notFound()
#1 C:\Users\koloz\Documents\Files\Iskola\2024-25\web\school_OOP\app\Routing\Router.php(29): App\Routing\Router->handleGetRequests('/fontawesome/cs...')
#2 C:\Users\koloz\Documents\Files\Iskola\2024-25\web\school_OOP\app\Routing\Router.php(22): App\Routing\Router->dispatch('GET', '/fontawesome/cs...')
#3 C:\Users\koloz\Documents\Files\Iskola\2024-25\web\school_OOP\Public\index.php(11): App\Routing\Router->handle()
#4 {main}
  thrown in C:\Users\koloz\Documents\Files\Iskola\2024-25\web\school_OOP\app\Routing\Router.php on line 84
[02-Apr-2025 13:14:39 UTC] PHP Fatal error:  Uncaught ArgumentCountError: Too few arguments to function App\Database\Database::getInstance(), 0 passed in C:\Users\koloz\Documents\Files\Iskola\2024-25\web\school_OOP\app\Models\Model.php on line 16 and exactly 1 expected in C:\Users\koloz\Documents\Files\Iskola\2024-25\web\school_OOP\app\Database\Database.php:40
Stack trace:
#0 C:\Users\koloz\Documents\Files\Iskola\2024-25\web\school_OOP\app\Models\Model.php(16): App\Database\Database::getInstance()
#1 C:\Users\koloz\Documents\Files\Iskola\2024-25\web\school_OOP\app\Models\Subject.php(12): App\Models\Model->__construct()
#2 C:\Users\koloz\Documents\Files\Iskola\2024-25\web\school_OOP\app\Controllers\SubjectController.php(10): App\Models\Subject->__construct()
#3 C:\Users\koloz\Documents\Files\Iskola\2024-25\web\school_OOP\app\Routing\Router.php(52): App\Controllers\SubjectController->__construct()
#4 C:\Users\koloz\Documents\Files\Iskola\2024-25\web\school_OOP\app\Routing\Router.php(29): App\Routing\Router->handleGetRequests('/subjects')
#5 C:\Users\koloz\Documents\Files\Iskola\2024-25\web\school_OOP\app\Routing\Router.php(22): App\Routing\Router->dispatch('GET', '/subjects')
#6 C:\Users\koloz\Documents\Files\Iskola\2024-25\web\school_OOP\Public\index.php(11): App\Routing\Router->handle()
#7 {main}
  thrown in C:\Users\koloz\Documents\Files\Iskola\2024-25\web\school_OOP\app\Database\Database.php on line 40
[02-Apr-2025 13:21:32 UTC] PHP Fatal error:  Uncaught Error: Class "App\Views\Display" not found in C:\Users\koloz\Documents\Files\Iskola\2024-25\web\school_OOP\app\Routing\Router.php:84
Stack trace:
#0 C:\Users\koloz\Documents\Files\Iskola\2024-25\web\school_OOP\app\Routing\Router.php(56): App\Routing\Router->notFound()
#1 C:\Users\koloz\Documents\Files\Iskola\2024-25\web\school_OOP\app\Routing\Router.php(29): App\Routing\Router->handleGetRequests('/css/school.css')
#2 C:\Users\koloz\Documents\Files\Iskola\2024-25\web\school_OOP\app\Routing\Router.php(22): App\Routing\Router->dispatch('GET', '/css/school.css')
#3 C:\Users\koloz\Documents\Files\Iskola\2024-25\web\school_OOP\Public\index.php(11): App\Routing\Router->handle()
#4 {main}
  thrown in C:\Users\koloz\Documents\Files\Iskola\2024-25\web\school_OOP\app\Routing\Router.php on line 84
[02-Apr-2025 13:21:32 UTC] PHP Fatal error:  Uncaught Error: Class "App\Views\Display" not found in C:\Users\koloz\Documents\Files\Iskola\2024-25\web\school_OOP\app\Routing\Router.php:84
Stack trace:
#0 C:\Users\koloz\Documents\Files\Iskola\2024-25\web\school_OOP\app\Routing\Router.php(56): App\Routing\Router->notFound()
#1 C:\Users\koloz\Documents\Files\Iskola\2024-25\web\school_OOP\app\Routing\Router.php(29): App\Routing\Router->handleGetRequests('/fontawesome/cs...')
#2 C:\Users\koloz\Documents\Files\Iskola\2024-25\web\school_OOP\app\Routing\Router.php(22): App\Routing\Router->dispatch('GET', '/fontawesome/cs...')
#3 C:\Users\koloz\Documents\Files\Iskola\2024-25\web\school_OOP\Public\index.php(11): App\Routing\Router->handle()
#4 {main}
  thrown in C:\Users\koloz\Documents\Files\Iskola\2024-25\web\school_OOP\app\Routing\Router.php on line 84
[02-Apr-2025 13:24:13 UTC] PHP Fatal error:  Uncaught Error: Class "App\Views\Display" not found in C:\Users\koloz\Documents\Files\Iskola\2024-25\web\school_OOP\app\Routing\Router.php:84
Stack trace:
#0 C:\Users\koloz\Documents\Files\Iskola\2024-25\web\school_OOP\app\Routing\Router.php(56): App\Routing\Router->notFound()
#1 C:\Users\koloz\Documents\Files\Iskola\2024-25\web\school_OOP\app\Routing\Router.php(29): App\Routing\Router->handleGetRequests('/css/school.css')
#2 C:\Users\koloz\Documents\Files\Iskola\2024-25\web\school_OOP\app\Routing\Router.php(22): App\Routing\Router->dispatch('GET', '/css/school.css')
#3 C:\Users\koloz\Documents\Files\Iskola\2024-25\web\school_OOP\Public\index.php(11): App\Routing\Router->handle()
#4 {main}
  thrown in C:\Users\koloz\Documents\Files\Iskola\2024-25\web\school_OOP\app\Routing\Router.php on line 84
[02-Apr-2025 13:24:13 UTC] PHP Fatal error:  Uncaught Error: Class "App\Views\Display" not found in C:\Users\koloz\Documents\Files\Iskola\2024-25\web\school_OOP\app\Routing\Router.php:84
Stack trace:
#0 C:\Users\koloz\Documents\Files\Iskola\2024-25\web\school_OOP\app\Routing\Router.php(56): App\Routing\Router->notFound()
#1 C:\Users\koloz\Documents\Files\Iskola\2024-25\web\school_OOP\app\Routing\Router.php(29): App\Routing\Router->handleGetRequests('/fontawesome/cs...')
#2 C:\Users\koloz\Documents\Files\Iskola\2024-25\web\school_OOP\app\Routing\Router.php(22): App\Routing\Router->dispatch('GET', '/fontawesome/cs...')
#3 C:\Users\koloz\Documents\Files\Iskola\2024-25\web\school_OOP\Public\index.php(11): App\Routing\Router->handle()
#4 {main}
  thrown in C:\Users\koloz\Documents\Files\Iskola\2024-25\web\school_OOP\app\Routing\Router.php on line 84
[02-Apr-2025 13:24:14 UTC] PHP Fatal error:  Uncaught Error: Class "App\Views\Display" not found in C:\Users\koloz\Documents\Files\Iskola\2024-25\web\school_OOP\app\Routing\Router.php:84
Stack trace:
#0 C:\Users\koloz\Documents\Files\Iskola\2024-25\web\school_OOP\app\Routing\Router.php(56): App\Routing\Router->notFound()
#1 C:\Users\koloz\Documents\Files\Iskola\2024-25\web\school_OOP\app\Routing\Router.php(29): App\Routing\Router->handleGetRequests('/css/school.css')
#2 C:\Users\koloz\Documents\Files\Iskola\2024-25\web\school_OOP\app\Routing\Router.php(22): App\Routing\Router->dispatch('GET', '/css/school.css')
#3 C:\Users\koloz\Documents\Files\Iskola\2024-25\web\school_OOP\Public\index.php(11): App\Routing\Router->handle()
#4 {main}
  thrown in C:\Users\koloz\Documents\Files\Iskola\2024-25\web\school_OOP\app\Routing\Router.php on line 84
[02-Apr-2025 13:24:14 UTC] PHP Fatal error:  Uncaught Error: Class "App\Views\Display" not found in C:\Users\koloz\Documents\Files\Iskola\2024-25\web\school_OOP\app\Routing\Router.php:84
Stack trace:
#0 C:\Users\koloz\Documents\Files\Iskola\2024-25\web\school_OOP\app\Routing\Router.php(56): App\Routing\Router->notFound()
#1 C:\Users\koloz\Documents\Files\Iskola\2024-25\web\school_OOP\app\Routing\Router.php(29): App\Routing\Router->handleGetRequests('/fontawesome/cs...')
#2 C:\Users\koloz\Documents\Files\Iskola\2024-25\web\school_OOP\app\Routing\Router.php(22): App\Routing\Router->dispatch('GET', '/fontawesome/cs...')
#3 C:\Users\koloz\Documents\Files\Iskola\2024-25\web\school_OOP\Public\index.php(11): App\Routing\Router->handle()
#4 {main}
  thrown in C:\Users\koloz\Documents\Files\Iskola\2024-25\web\school_OOP\app\Routing\Router.php on line 84
[02-Apr-2025 13:24:16 UTC] PHP Fatal error:  Uncaught ArgumentCountError: Too few arguments to function App\Database\Database::getInstance(), 0 passed in C:\Users\koloz\Documents\Files\Iskola\2024-25\web\school_OOP\app\Models\Model.php on line 16 and exactly 1 expected in C:\Users\koloz\Documents\Files\Iskola\2024-25\web\school_OOP\app\Database\Database.php:40
Stack trace:
#0 C:\Users\koloz\Documents\Files\Iskola\2024-25\web\school_OOP\app\Models\Model.php(16): App\Database\Database::getInstance()
#1 C:\Users\koloz\Documents\Files\Iskola\2024-25\web\school_OOP\app\Models\Subject.php(12): App\Models\Model->__construct()
#2 C:\Users\koloz\Documents\Files\Iskola\2024-25\web\school_OOP\app\Controllers\SubjectController.php(10): App\Models\Subject->__construct()
#3 C:\Users\koloz\Documents\Files\Iskola\2024-25\web\school_OOP\app\Routing\Router.php(52): App\Controllers\SubjectController->__construct()
#4 C:\Users\koloz\Documents\Files\Iskola\2024-25\web\school_OOP\app\Routing\Router.php(29): App\Routing\Router->handleGetRequests('/subjects')
#5 C:\Users\koloz\Documents\Files\Iskola\2024-25\web\school_OOP\app\Routing\Router.php(22): App\Routing\Router->dispatch('GET', '/subjects')
#6 C:\Users\koloz\Documents\Files\Iskola\2024-25\web\school_OOP\Public\index.php(11): App\Routing\Router->handle()
#7 {main}
  thrown in C:\Users\koloz\Documents\Files\Iskola\2024-25\web\school_OOP\app\Database\Database.php on line 40
[02-Apr-2025 13:24:17 UTC] PHP Fatal error:  Uncaught Error: Class "App\Views\Display" not found in C:\Users\koloz\Documents\Files\Iskola\2024-25\web\school_OOP\app\Routing\Router.php:84
Stack trace:
#0 C:\Users\koloz\Documents\Files\Iskola\2024-25\web\school_OOP\app\Routing\Router.php(56): App\Routing\Router->notFound()
#1 C:\Users\koloz\Documents\Files\Iskola\2024-25\web\school_OOP\app\Routing\Router.php(29): App\Routing\Router->handleGetRequests('/css/school.css')
#2 C:\Users\koloz\Documents\Files\Iskola\2024-25\web\school_OOP\app\Routing\Router.php(22): App\Routing\Router->dispatch('GET', '/css/school.css')
#3 C:\Users\koloz\Documents\Files\Iskola\2024-25\web\school_OOP\Public\index.php(11): App\Routing\Router->handle()
#4 {main}
  thrown in C:\Users\koloz\Documents\Files\Iskola\2024-25\web\school_OOP\app\Routing\Router.php on line 84
[02-Apr-2025 13:24:17 UTC] PHP Fatal error:  Uncaught Error: Class "App\Views\Display" not found in C:\Users\koloz\Documents\Files\Iskola\2024-25\web\school_OOP\app\Routing\Router.php:84
Stack trace:
#0 C:\Users\koloz\Documents\Files\Iskola\2024-25\web\school_OOP\app\Routing\Router.php(56): App\Routing\Router->notFound()
#1 C:\Users\koloz\Documents\Files\Iskola\2024-25\web\school_OOP\app\Routing\Router.php(29): App\Routing\Router->handleGetRequests('/fontawesome/cs...')
#2 C:\Users\koloz\Documents\Files\Iskola\2024-25\web\school_OOP\app\Routing\Router.php(22): App\Routing\Router->dispatch('GET', '/fontawesome/cs...')
#3 C:\Users\koloz\Documents\Files\Iskola\2024-25\web\school_OOP\Public\index.php(11): App\Routing\Router->handle()
#4 {main}
  thrown in C:\Users\koloz\Documents\Files\Iskola\2024-25\web\school_OOP\app\Routing\Router.php on line 84
[02-Apr-2025 13:24:49 UTC] PHP Fatal error:  Uncaught ArgumentCountError: Too few arguments to function App\Database\Database::getInstance(), 0 passed in C:\Users\koloz\Documents\Files\Iskola\2024-25\web\school_OOP\app\Models\Model.php on line 16 and exactly 1 expected in C:\Users\koloz\Documents\Files\Iskola\2024-25\web\school_OOP\app\Database\Database.php:40
Stack trace:
#0 C:\Users\koloz\Documents\Files\Iskola\2024-25\web\school_OOP\app\Models\Model.php(16): App\Database\Database::getInstance()
#1 C:\Users\koloz\Documents\Files\Iskola\2024-25\web\school_OOP\app\Models\Subject.php(12): App\Models\Model->__construct()
#2 C:\Users\koloz\Documents\Files\Iskola\2024-25\web\school_OOP\app\Controllers\SubjectController.php(10): App\Models\Subject->__construct()
#3 C:\Users\koloz\Documents\Files\Iskola\2024-25\web\school_OOP\app\Routing\Router.php(52): App\Controllers\SubjectController->__construct()
#4 C:\Users\koloz\Documents\Files\Iskola\2024-25\web\school_OOP\app\Routing\Router.php(29): App\Routing\Router->handleGetRequests('/subjects')
#5 C:\Users\koloz\Documents\Files\Iskola\2024-25\web\school_OOP\app\Routing\Router.php(22): App\Routing\Router->dispatch('GET', '/subjects')
#6 C:\Users\koloz\Documents\Files\Iskola\2024-25\web\school_OOP\Public\index.php(11): App\Routing\Router->handle()
#7 {main}
  thrown in C:\Users\koloz\Documents\Files\Iskola\2024-25\web\school_OOP\app\Database\Database.php on line 40
[02-Apr-2025 13:25:47 UTC] PHP Fatal error:  Uncaught ArgumentCountError: Too few arguments to function App\Database\Database::getInstance(), 0 passed in C:\Users\koloz\Documents\Files\Iskola\2024-25\web\school_OOP\app\Models\Model.php on line 16 and exactly 1 expected in C:\Users\koloz\Documents\Files\Iskola\2024-25\web\school_OOP\app\Database\Database.php:40
Stack trace:
#0 C:\Users\koloz\Documents\Files\Iskola\2024-25\web\school_OOP\app\Models\Model.php(16): App\Database\Database::getInstance()
#1 C:\Users\koloz\Documents\Files\Iskola\2024-25\web\school_OOP\app\Models\Subject.php(12): App\Models\Model->__construct()
#2 C:\Users\koloz\Documents\Files\Iskola\2024-25\web\school_OOP\app\Controllers\SubjectController.php(10): App\Models\Subject->__construct()
#3 C:\Users\koloz\Documents\Files\Iskola\2024-25\web\school_OOP\app\Routing\Router.php(52): App\Controllers\SubjectController->__construct()
#4 C:\Users\koloz\Documents\Files\Iskola\2024-25\web\school_OOP\app\Routing\Router.php(29): App\Routing\Router->handleGetRequests('/subjects')
#5 C:\Users\koloz\Documents\Files\Iskola\2024-25\web\school_OOP\app\Routing\Router.php(22): App\Routing\Router->dispatch('GET', '/subjects')
#6 C:\Users\koloz\Documents\Files\Iskola\2024-25\web\school_OOP\Public\index.php(11): App\Routing\Router->handle()
#7 {main}
  thrown in C:\Users\koloz\Documents\Files\Iskola\2024-25\web\school_OOP\app\Database\Database.php on line 40
[02-Apr-2025 13:25:47 UTC] PHP Fatal error:  Uncaught ArgumentCountError: Too few arguments to function App\Database\Database::getInstance(), 0 passed in C:\Users\koloz\Documents\Files\Iskola\2024-25\web\school_OOP\app\Models\Model.php on line 16 and exactly 1 expected in C:\Users\koloz\Documents\Files\Iskola\2024-25\web\school_OOP\app\Database\Database.php:40
Stack trace:
#0 C:\Users\koloz\Documents\Files\Iskola\2024-25\web\school_OOP\app\Models\Model.php(16): App\Database\Database::getInstance()
#1 C:\Users\koloz\Documents\Files\Iskola\2024-25\web\school_OOP\app\Models\Subject.php(12): App\Models\Model->__construct()
#2 C:\Users\koloz\Documents\Files\Iskola\2024-25\web\school_OOP\app\Controllers\SubjectController.php(10): App\Models\Subject->__construct()
#3 C:\Users\koloz\Documents\Files\Iskola\2024-25\web\school_OOP\app\Routing\Router.php(52): App\Controllers\SubjectController->__construct()
#4 C:\Users\koloz\Documents\Files\Iskola\2024-25\web\school_OOP\app\Routing\Router.php(29): App\Routing\Router->handleGetRequests('/subjects')
#5 C:\Users\koloz\Documents\Files\Iskola\2024-25\web\school_OOP\app\Routing\Router.php(22): App\Routing\Router->dispatch('GET', '/subjects')
#6 C:\Users\koloz\Documents\Files\Iskola\2024-25\web\school_OOP\Public\index.php(11): App\Routing\Router->handle()
#7 {main}
  thrown in C:\Users\koloz\Documents\Files\Iskola\2024-25\web\school_OOP\app\Database\Database.php on line 40
[02-Apr-2025 13:25:48 UTC] PHP Fatal error:  Uncaught ArgumentCountError: Too few arguments to function App\Database\Database::getInstance(), 0 passed in C:\Users\koloz\Documents\Files\Iskola\2024-25\web\school_OOP\app\Models\Model.php on line 16 and exactly 1 expected in C:\Users\koloz\Documents\Files\Iskola\2024-25\web\school_OOP\app\Database\Database.php:40
Stack trace:
#0 C:\Users\koloz\Documents\Files\Iskola\2024-25\web\school_OOP\app\Models\Model.php(16): App\Database\Database::getInstance()
#1 C:\Users\koloz\Documents\Files\Iskola\2024-25\web\school_OOP\app\Models\Subject.php(12): App\Models\Model->__construct()
#2 C:\Users\koloz\Documents\Files\Iskola\2024-25\web\school_OOP\app\Controllers\SubjectController.php(10): App\Models\Subject->__construct()
#3 C:\Users\koloz\Documents\Files\Iskola\2024-25\web\school_OOP\app\Routing\Router.php(52): App\Controllers\SubjectController->__construct()
#4 C:\Users\koloz\Documents\Files\Iskola\2024-25\web\school_OOP\app\Routing\Router.php(29): App\Routing\Router->handleGetRequests('/subjects')
#5 C:\Users\koloz\Documents\Files\Iskola\2024-25\web\school_OOP\app\Routing\Router.php(22): App\Routing\Router->dispatch('GET', '/subjects')
#6 C:\Users\koloz\Documents\Files\Iskola\2024-25\web\school_OOP\Public\index.php(11): App\Routing\Router->handle()
#7 {main}
  thrown in C:\Users\koloz\Documents\Files\Iskola\2024-25\web\school_OOP\app\Database\Database.php on line 40
[02-Apr-2025 13:25:57 UTC] PHP Fatal error:  Uncaught ArgumentCountError: Too few arguments to function App\Database\Database::getInstance(), 0 passed in C:\Users\koloz\Documents\Files\Iskola\2024-25\web\school_OOP\app\Models\Model.php on line 16 and exactly 1 expected in C:\Users\koloz\Documents\Files\Iskola\2024-25\web\school_OOP\app\Database\Database.php:40
Stack trace:
#0 C:\Users\koloz\Documents\Files\Iskola\2024-25\web\school_OOP\app\Models\Model.php(16): App\Database\Database::getInstance()
#1 C:\Users\koloz\Documents\Files\Iskola\2024-25\web\school_OOP\app\Models\Subject.php(12): App\Models\Model->__construct()
#2 C:\Users\koloz\Documents\Files\Iskola\2024-25\web\school_OOP\app\Controllers\SubjectController.php(10): App\Models\Subject->__construct()
#3 C:\Users\koloz\Documents\Files\Iskola\2024-25\web\school_OOP\app\Routing\Router.php(52): App\Controllers\SubjectController->__construct()
#4 C:\Users\koloz\Documents\Files\Iskola\2024-25\web\school_OOP\app\Routing\Router.php(29): App\Routing\Router->handleGetRequests('/subjects')
#5 C:\Users\koloz\Documents\Files\Iskola\2024-25\web\school_OOP\app\Routing\Router.php(22): App\Routing\Router->dispatch('GET', '/subjects')
#6 C:\Users\koloz\Documents\Files\Iskola\2024-25\web\school_OOP\Public\index.php(11): App\Routing\Router->handle()
#7 {main}
  thrown in C:\Users\koloz\Documents\Files\Iskola\2024-25\web\school_OOP\app\Database\Database.php on line 40
[02-Apr-2025 13:25:59 UTC] PHP Fatal error:  Uncaught ArgumentCountError: Too few arguments to function App\Database\Database::getInstance(), 0 passed in C:\Users\koloz\Documents\Files\Iskola\2024-25\web\school_OOP\app\Models\Model.php on line 16 and exactly 1 expected in C:\Users\koloz\Documents\Files\Iskola\2024-25\web\school_OOP\app\Database\Database.php:40
Stack trace:
#0 C:\Users\koloz\Documents\Files\Iskola\2024-25\web\school_OOP\app\Models\Model.php(16): App\Database\Database::getInstance()
#1 C:\Users\koloz\Documents\Files\Iskola\2024-25\web\school_OOP\app\Models\Subject.php(12): App\Models\Model->__construct()
#2 C:\Users\koloz\Documents\Files\Iskola\2024-25\web\school_OOP\app\Controllers\SubjectController.php(10): App\Models\Subject->__construct()
#3 C:\Users\koloz\Documents\Files\Iskola\2024-25\web\school_OOP\app\Routing\Router.php(52): App\Controllers\SubjectController->__construct()
#4 C:\Users\koloz\Documents\Files\Iskola\2024-25\web\school_OOP\app\Routing\Router.php(29): App\Routing\Router->handleGetRequests('/subjects')
#5 C:\Users\koloz\Documents\Files\Iskola\2024-25\web\school_OOP\app\Routing\Router.php(22): App\Routing\Router->dispatch('GET', '/subjects')
#6 C:\Users\koloz\Documents\Files\Iskola\2024-25\web\school_OOP\Public\index.php(11): App\Routing\Router->handle()
#7 {main}
  thrown in C:\Users\koloz\Documents\Files\Iskola\2024-25\web\school_OOP\app\Database\Database.php on line 40
[02-Apr-2025 13:26:01 UTC] PHP Fatal error:  Uncaught Error: Class "App\Views\Display" not found in C:\Users\koloz\Documents\Files\Iskola\2024-25\web\school_OOP\app\Routing\Router.php:84
Stack trace:
#0 C:\Users\koloz\Documents\Files\Iskola\2024-25\web\school_OOP\app\Routing\Router.php(56): App\Routing\Router->notFound()
#1 C:\Users\koloz\Documents\Files\Iskola\2024-25\web\school_OOP\app\Routing\Router.php(29): App\Routing\Router->handleGetRequests('/css/school.css')
#2 C:\Users\koloz\Documents\Files\Iskola\2024-25\web\school_OOP\app\Routing\Router.php(22): App\Routing\Router->dispatch('GET', '/css/school.css')
#3 C:\Users\koloz\Documents\Files\Iskola\2024-25\web\school_OOP\Public\index.php(11): App\Routing\Router->handle()
#4 {main}
  thrown in C:\Users\koloz\Documents\Files\Iskola\2024-25\web\school_OOP\app\Routing\Router.php on line 84
[02-Apr-2025 13:26:01 UTC] PHP Fatal error:  Uncaught Error: Class "App\Views\Display" not found in C:\Users\koloz\Documents\Files\Iskola\2024-25\web\school_OOP\app\Routing\Router.php:84
Stack trace:
#0 C:\Users\koloz\Documents\Files\Iskola\2024-25\web\school_OOP\app\Routing\Router.php(56): App\Routing\Router->notFound()
#1 C:\Users\koloz\Documents\Files\Iskola\2024-25\web\school_OOP\app\Routing\Router.php(29): App\Routing\Router->handleGetRequests('/fontawesome/cs...')
#2 C:\Users\koloz\Documents\Files\Iskola\2024-25\web\school_OOP\app\Routing\Router.php(22): App\Routing\Router->dispatch('GET', '/fontawesome/cs...')
#3 C:\Users\koloz\Documents\Files\Iskola\2024-25\web\school_OOP\Public\index.php(11): App\Routing\Router->handle()
#4 {main}
  thrown in C:\Users\koloz\Documents\Files\Iskola\2024-25\web\school_OOP\app\Routing\Router.php on line 84
[02-Apr-2025 13:31:00 UTC] PHP Fatal error:  Uncaught Error: Class "App\Views\Display" not found in C:\Users\koloz\Documents\Files\Iskola\2024-25\web\school_OOP\app\Routing\Router.php:84
Stack trace:
#0 C:\Users\koloz\Documents\Files\Iskola\2024-25\web\school_OOP\app\Routing\Router.php(56): App\Routing\Router->notFound()
#1 C:\Users\koloz\Documents\Files\Iskola\2024-25\web\school_OOP\app\Routing\Router.php(29): App\Routing\Router->handleGetRequests('/css/school.css')
#2 C:\Users\koloz\Documents\Files\Iskola\2024-25\web\school_OOP\app\Routing\Router.php(22): App\Routing\Router->dispatch('GET', '/css/school.css')
#3 C:\Users\koloz\Documents\Files\Iskola\2024-25\web\school_OOP\Public\index.php(11): App\Routing\Router->handle()
#4 {main}
  thrown in C:\Users\koloz\Documents\Files\Iskola\2024-25\web\school_OOP\app\Routing\Router.php on line 84
[02-Apr-2025 13:31:00 UTC] PHP Fatal error:  Uncaught Error: Class "App\Views\Display" not found in C:\Users\koloz\Documents\Files\Iskola\2024-25\web\school_OOP\app\Routing\Router.php:84
Stack trace:
#0 C:\Users\koloz\Documents\Files\Iskola\2024-25\web\school_OOP\app\Routing\Router.php(56): App\Routing\Router->notFound()
#1 C:\Users\koloz\Documents\Files\Iskola\2024-25\web\school_OOP\app\Routing\Router.php(29): App\Routing\Router->handleGetRequests('/fontawesome/cs...')
#2 C:\Users\koloz\Documents\Files\Iskola\2024-25\web\school_OOP\app\Routing\Router.php(22): App\Routing\Router->dispatch('GET', '/fontawesome/cs...')
#3 C:\Users\koloz\Documents\Files\Iskola\2024-25\web\school_OOP\Public\index.php(11): App\Routing\Router->handle()
#4 {main}
  thrown in C:\Users\koloz\Documents\Files\Iskola\2024-25\web\school_OOP\app\Routing\Router.php on line 84
[02-Apr-2025 13:31:00 UTC] PHP Fatal error:  Uncaught ArgumentCountError: Too few arguments to function App\Database\Database::getInstance(), 0 passed in C:\Users\koloz\Documents\Files\Iskola\2024-25\web\school_OOP\app\Models\Model.php on line 16 and exactly 1 expected in C:\Users\koloz\Documents\Files\Iskola\2024-25\web\school_OOP\app\Database\Database.php:40
Stack trace:
#0 C:\Users\koloz\Documents\Files\Iskola\2024-25\web\school_OOP\app\Models\Model.php(16): App\Database\Database::getInstance()
#1 C:\Users\koloz\Documents\Files\Iskola\2024-25\web\school_OOP\app\Models\Subject.php(12): App\Models\Model->__construct()
#2 C:\Users\koloz\Documents\Files\Iskola\2024-25\web\school_OOP\app\Controllers\SubjectController.php(10): App\Models\Subject->__construct()
#3 C:\Users\koloz\Documents\Files\Iskola\2024-25\web\school_OOP\app\Routing\Router.php(52): App\Controllers\SubjectController->__construct()
#4 C:\Users\koloz\Documents\Files\Iskola\2024-25\web\school_OOP\app\Routing\Router.php(29): App\Routing\Router->handleGetRequests('/subjects')
#5 C:\Users\koloz\Documents\Files\Iskola\2024-25\web\school_OOP\app\Routing\Router.php(22): App\Routing\Router->dispatch('GET', '/subjects')
#6 C:\Users\koloz\Documents\Files\Iskola\2024-25\web\school_OOP\Public\index.php(11): App\Routing\Router->handle()
#7 {main}
  thrown in C:\Users\koloz\Documents\Files\Iskola\2024-25\web\school_OOP\app\Database\Database.php on line 40
[02-Apr-2025 13:35:33 UTC] PHP Fatal error:  Uncaught Error: Class "App\Views\Display" not found in C:\Users\koloz\Documents\Files\Iskola\2024-25\web\school_OOP\app\Routing\Router.php:84
Stack trace:
#0 C:\Users\koloz\Documents\Files\Iskola\2024-25\web\school_OOP\app\Routing\Router.php(56): App\Routing\Router->notFound()
#1 C:\Users\koloz\Documents\Files\Iskola\2024-25\web\school_OOP\app\Routing\Router.php(29): App\Routing\Router->handleGetRequests('/css/school.css')
#2 C:\Users\koloz\Documents\Files\Iskola\2024-25\web\school_OOP\app\Routing\Router.php(22): App\Routing\Router->dispatch('GET', '/css/school.css')
#3 C:\Users\koloz\Documents\Files\Iskola\2024-25\web\school_OOP\Public\index.php(11): App\Routing\Router->handle()
#4 {main}
  thrown in C:\Users\koloz\Documents\Files\Iskola\2024-25\web\school_OOP\app\Routing\Router.php on line 84
[02-Apr-2025 13:35:33 UTC] PHP Fatal error:  Uncaught Error: Class "App\Views\Display" not found in C:\Users\koloz\Documents\Files\Iskola\2024-25\web\school_OOP\app\Routing\Router.php:84
Stack trace:
#0 C:\Users\koloz\Documents\Files\Iskola\2024-25\web\school_OOP\app\Routing\Router.php(56): App\Routing\Router->notFound()
#1 C:\Users\koloz\Documents\Files\Iskola\2024-25\web\school_OOP\app\Routing\Router.php(29): App\Routing\Router->handleGetRequests('/fontawesome/cs...')
#2 C:\Users\koloz\Documents\Files\Iskola\2024-25\web\school_OOP\app\Routing\Router.php(22): App\Routing\Router->dispatch('GET', '/fontawesome/cs...')
#3 C:\Users\koloz\Documents\Files\Iskola\2024-25\web\school_OOP\Public\index.php(11): App\Routing\Router->handle()
#4 {main}
  thrown in C:\Users\koloz\Documents\Files\Iskola\2024-25\web\school_OOP\app\Routing\Router.php on line 84
[02-Apr-2025 13:35:36 UTC] PHP Fatal error:  Uncaught Error: Class "App\Views\Display" not found in C:\Users\koloz\Documents\Files\Iskola\2024-25\web\school_OOP\app\Routing\Router.php:84
Stack trace:
#0 C:\Users\koloz\Documents\Files\Iskola\2024-25\web\school_OOP\app\Routing\Router.php(56): App\Routing\Router->notFound()
#1 C:\Users\koloz\Documents\Files\Iskola\2024-25\web\school_OOP\app\Routing\Router.php(29): App\Routing\Router->handleGetRequests('/css/school.css')
#2 C:\Users\koloz\Documents\Files\Iskola\2024-25\web\school_OOP\app\Routing\Router.php(22): App\Routing\Router->dispatch('GET', '/css/school.css')
#3 C:\Users\koloz\Documents\Files\Iskola\2024-25\web\school_OOP\Public\index.php(11): App\Routing\Router->handle()
#4 {main}
  thrown in C:\Users\koloz\Documents\Files\Iskola\2024-25\web\school_OOP\app\Routing\Router.php on line 84
[02-Apr-2025 13:35:36 UTC] PHP Fatal error:  Uncaught Error: Class "App\Views\Display" not found in C:\Users\koloz\Documents\Files\Iskola\2024-25\web\school_OOP\app\Routing\Router.php:84
Stack trace:
#0 C:\Users\koloz\Documents\Files\Iskola\2024-25\web\school_OOP\app\Routing\Router.php(56): App\Routing\Router->notFound()
#1 C:\Users\koloz\Documents\Files\Iskola\2024-25\web\school_OOP\app\Routing\Router.php(29): App\Routing\Router->handleGetRequests('/fontawesome/cs...')
#2 C:\Users\koloz\Documents\Files\Iskola\2024-25\web\school_OOP\app\Routing\Router.php(22): App\Routing\Router->dispatch('GET', '/fontawesome/cs...')
#3 C:\Users\koloz\Documents\Files\Iskola\2024-25\web\school_OOP\Public\index.php(11): App\Routing\Router->handle()
#4 {main}
  thrown in C:\Users\koloz\Documents\Files\Iskola\2024-25\web\school_OOP\app\Routing\Router.php on line 84
[02-Apr-2025 13:35:37 UTC] PHP Fatal error:  Uncaught Error: Class "App\Views\Display" not found in C:\Users\koloz\Documents\Files\Iskola\2024-25\web\school_OOP\app\Routing\Router.php:84
Stack trace:
#0 C:\Users\koloz\Documents\Files\Iskola\2024-25\web\school_OOP\app\Routing\Router.php(56): App\Routing\Router->notFound()
#1 C:\Users\koloz\Documents\Files\Iskola\2024-25\web\school_OOP\app\Routing\Router.php(29): App\Routing\Router->handleGetRequests('/css/school.css')
#2 C:\Users\koloz\Documents\Files\Iskola\2024-25\web\school_OOP\app\Routing\Router.php(22): App\Routing\Router->dispatch('GET', '/css/school.css')
#3 C:\Users\koloz\Documents\Files\Iskola\2024-25\web\school_OOP\Public\index.php(11): App\Routing\Router->handle()
#4 {main}
  thrown in C:\Users\koloz\Documents\Files\Iskola\2024-25\web\school_OOP\app\Routing\Router.php on line 84
[02-Apr-2025 13:35:37 UTC] PHP Fatal error:  Uncaught Error: Class "App\Views\Display" not found in C:\Users\koloz\Documents\Files\Iskola\2024-25\web\school_OOP\app\Routing\Router.php:84
Stack trace:
#0 C:\Users\koloz\Documents\Files\Iskola\2024-25\web\school_OOP\app\Routing\Router.php(56): App\Routing\Router->notFound()
#1 C:\Users\koloz\Documents\Files\Iskola\2024-25\web\school_OOP\app\Routing\Router.php(29): App\Routing\Router->handleGetRequests('/fontawesome/cs...')
#2 C:\Users\koloz\Documents\Files\Iskola\2024-25\web\school_OOP\app\Routing\Router.php(22): App\Routing\Router->dispatch('GET', '/fontawesome/cs...')
#3 C:\Users\koloz\Documents\Files\Iskola\2024-25\web\school_OOP\Public\index.php(11): App\Routing\Router->handle()
#4 {main}
  thrown in C:\Users\koloz\Documents\Files\Iskola\2024-25\web\school_OOP\app\Routing\Router.php on line 84
[02-Apr-2025 13:35:37 UTC] PHP Fatal error:  Uncaught TypeError: App\Database\Database::getInstance(): Argument #1 ($config) must be of type array, string given, called in C:\Users\koloz\Documents\Files\Iskola\2024-25\web\school_OOP\app\Models\Model.php on line 16 and defined in C:\Users\koloz\Documents\Files\Iskola\2024-25\web\school_OOP\app\Database\Database.php:40
Stack trace:
#0 C:\Users\koloz\Documents\Files\Iskola\2024-25\web\school_OOP\app\Models\Model.php(16): App\Database\Database::getInstance('')
#1 C:\Users\koloz\Documents\Files\Iskola\2024-25\web\school_OOP\app\Models\Subject.php(12): App\Models\Model->__construct()
#2 C:\Users\koloz\Documents\Files\Iskola\2024-25\web\school_OOP\app\Controllers\SubjectController.php(10): App\Models\Subject->__construct()
#3 C:\Users\koloz\Documents\Files\Iskola\2024-25\web\school_OOP\app\Routing\Router.php(52): App\Controllers\SubjectController->__construct()
#4 C:\Users\koloz\Documents\Files\Iskola\2024-25\web\school_OOP\app\Routing\Router.php(29): App\Routing\Router->handleGetRequests('/subjects')
#5 C:\Users\koloz\Documents\Files\Iskola\2024-25\web\school_OOP\app\Routing\Router.php(22): App\Routing\Router->dispatch('GET', '/subjects')
#6 C:\Users\koloz\Documents\Files\Iskola\2024-25\web\school_OOP\Public\index.php(11): App\Routing\Router->handle()
#7 {main}
  thrown in C:\Users\koloz\Documents\Files\Iskola\2024-25\web\school_OOP\app\Database\Database.php on line 40
[02-Apr-2025 13:39:36 UTC] PHP Fatal error:  Uncaught Error: Class "App\Views\Display" not found in C:\Users\koloz\Documents\Files\Iskola\2024-25\web\school_OOP\app\Routing\Router.php:84
Stack trace:
#0 C:\Users\koloz\Documents\Files\Iskola\2024-25\web\school_OOP\app\Routing\Router.php(56): App\Routing\Router->notFound()
#1 C:\Users\koloz\Documents\Files\Iskola\2024-25\web\school_OOP\app\Routing\Router.php(29): App\Routing\Router->handleGetRequests('/css/school.css')
#2 C:\Users\koloz\Documents\Files\Iskola\2024-25\web\school_OOP\app\Routing\Router.php(22): App\Routing\Router->dispatch('GET', '/css/school.css')
#3 C:\Users\koloz\Documents\Files\Iskola\2024-25\web\school_OOP\Public\index.php(11): App\Routing\Router->handle()
#4 {main}
  thrown in C:\Users\koloz\Documents\Files\Iskola\2024-25\web\school_OOP\app\Routing\Router.php on line 84
[02-Apr-2025 13:39:36 UTC] PHP Fatal error:  Uncaught Error: Class "App\Views\Display" not found in C:\Users\koloz\Documents\Files\Iskola\2024-25\web\school_OOP\app\Routing\Router.php:84
Stack trace:
#0 C:\Users\koloz\Documents\Files\Iskola\2024-25\web\school_OOP\app\Routing\Router.php(56): App\Routing\Router->notFound()
#1 C:\Users\koloz\Documents\Files\Iskola\2024-25\web\school_OOP\app\Routing\Router.php(29): App\Routing\Router->handleGetRequests('/fontawesome/cs...')
#2 C:\Users\koloz\Documents\Files\Iskola\2024-25\web\school_OOP\app\Routing\Router.php(22): App\Routing\Router->dispatch('GET', '/fontawesome/cs...')
#3 C:\Users\koloz\Documents\Files\Iskola\2024-25\web\school_OOP\Public\index.php(11): App\Routing\Router->handle()
#4 {main}
  thrown in C:\Users\koloz\Documents\Files\Iskola\2024-25\web\school_OOP\app\Routing\Router.php on line 84
[02-Apr-2025 13:39:37 UTC] PHP Fatal error:  Uncaught Error: Class "App\Views\Display" not found in C:\Users\koloz\Documents\Files\Iskola\2024-25\web\school_OOP\app\Routing\Router.php:84
Stack trace:
#0 C:\Users\koloz\Documents\Files\Iskola\2024-25\web\school_OOP\app\Routing\Router.php(56): App\Routing\Router->notFound()
#1 C:\Users\koloz\Documents\Files\Iskola\2024-25\web\school_OOP\app\Routing\Router.php(29): App\Routing\Router->handleGetRequests('/css/school.css')
#2 C:\Users\koloz\Documents\Files\Iskola\2024-25\web\school_OOP\app\Routing\Router.php(22): App\Routing\Router->dispatch('GET', '/css/school.css')
#3 C:\Users\koloz\Documents\Files\Iskola\2024-25\web\school_OOP\Public\index.php(11): App\Routing\Router->handle()
#4 {main}
  thrown in C:\Users\koloz\Documents\Files\Iskola\2024-25\web\school_OOP\app\Routing\Router.php on line 84
[02-Apr-2025 13:39:37 UTC] PHP Fatal error:  Uncaught Error: Class "App\Views\Display" not found in C:\Users\koloz\Documents\Files\Iskola\2024-25\web\school_OOP\app\Routing\Router.php:84
Stack trace:
#0 C:\Users\koloz\Documents\Files\Iskola\2024-25\web\school_OOP\app\Routing\Router.php(56): App\Routing\Router->notFound()
#1 C:\Users\koloz\Documents\Files\Iskola\2024-25\web\school_OOP\app\Routing\Router.php(29): App\Routing\Router->handleGetRequests('/fontawesome/cs...')
#2 C:\Users\koloz\Documents\Files\Iskola\2024-25\web\school_OOP\app\Routing\Router.php(22): App\Routing\Router->dispatch('GET', '/fontawesome/cs...')
#3 C:\Users\koloz\Documents\Files\Iskola\2024-25\web\school_OOP\Public\index.php(11): App\Routing\Router->handle()
#4 {main}
  thrown in C:\Users\koloz\Documents\Files\Iskola\2024-25\web\school_OOP\app\Routing\Router.php on line 84
[02-Apr-2025 13:39:38 UTC] PHP Fatal error:  Uncaught TypeError: App\Database\Database::getInstance(): Argument #1 ($config) must be of type array, string given, called in C:\Users\koloz\Documents\Files\Iskola\2024-25\web\school_OOP\app\Models\Model.php on line 16 and defined in C:\Users\koloz\Documents\Files\Iskola\2024-25\web\school_OOP\app\Database\Database.php:40
Stack trace:
#0 C:\Users\koloz\Documents\Files\Iskola\2024-25\web\school_OOP\app\Models\Model.php(16): App\Database\Database::getInstance('')
#1 C:\Users\koloz\Documents\Files\Iskola\2024-25\web\school_OOP\app\Models\Subject.php(12): App\Models\Model->__construct()
#2 C:\Users\koloz\Documents\Files\Iskola\2024-25\web\school_OOP\app\Controllers\SubjectController.php(10): App\Models\Subject->__construct()
#3 C:\Users\koloz\Documents\Files\Iskola\2024-25\web\school_OOP\app\Routing\Router.php(52): App\Controllers\SubjectController->__construct()
#4 C:\Users\koloz\Documents\Files\Iskola\2024-25\web\school_OOP\app\Routing\Router.php(29): App\Routing\Router->handleGetRequests('/subjects')
#5 C:\Users\koloz\Documents\Files\Iskola\2024-25\web\school_OOP\app\Routing\Router.php(22): App\Routing\Router->dispatch('GET', '/subjects')
#6 C:\Users\koloz\Documents\Files\Iskola\2024-25\web\school_OOP\Public\index.php(11): App\Routing\Router->handle()
#7 {main}
  thrown in C:\Users\koloz\Documents\Files\Iskola\2024-25\web\school_OOP\app\Database\Database.php on line 40
[02-Apr-2025 13:39:39 UTC] PHP Fatal error:  Uncaught TypeError: App\Database\Database::getInstance(): Argument #1 ($config) must be of type array, string given, called in C:\Users\koloz\Documents\Files\Iskola\2024-25\web\school_OOP\app\Models\Model.php on line 16 and defined in C:\Users\koloz\Documents\Files\Iskola\2024-25\web\school_OOP\app\Database\Database.php:40
Stack trace:
#0 C:\Users\koloz\Documents\Files\Iskola\2024-25\web\school_OOP\app\Models\Model.php(16): App\Database\Database::getInstance('')
#1 C:\Users\koloz\Documents\Files\Iskola\2024-25\web\school_OOP\app\Models\Subject.php(12): App\Models\Model->__construct()
#2 C:\Users\koloz\Documents\Files\Iskola\2024-25\web\school_OOP\app\Controllers\SubjectController.php(10): App\Models\Subject->__construct()
#3 C:\Users\koloz\Documents\Files\Iskola\2024-25\web\school_OOP\app\Routing\Router.php(52): App\Controllers\SubjectController->__construct()
#4 C:\Users\koloz\Documents\Files\Iskola\2024-25\web\school_OOP\app\Routing\Router.php(29): App\Routing\Router->handleGetRequests('/subjects')
#5 C:\Users\koloz\Documents\Files\Iskola\2024-25\web\school_OOP\app\Routing\Router.php(22): App\Routing\Router->dispatch('GET', '/subjects')
#6 C:\Users\koloz\Documents\Files\Iskola\2024-25\web\school_OOP\Public\index.php(11): App\Routing\Router->handle()
#7 {main}
  thrown in C:\Users\koloz\Documents\Files\Iskola\2024-25\web\school_OOP\app\Database\Database.php on line 40
[02-Apr-2025 13:39:40 UTC] PHP Fatal error:  Uncaught TypeError: App\Database\Database::getInstance(): Argument #1 ($config) must be of type array, string given, called in C:\Users\koloz\Documents\Files\Iskola\2024-25\web\school_OOP\app\Models\Model.php on line 16 and defined in C:\Users\koloz\Documents\Files\Iskola\2024-25\web\school_OOP\app\Database\Database.php:40
Stack trace:
#0 C:\Users\koloz\Documents\Files\Iskola\2024-25\web\school_OOP\app\Models\Model.php(16): App\Database\Database::getInstance('')
#1 C:\Users\koloz\Documents\Files\Iskola\2024-25\web\school_OOP\app\Models\Subject.php(12): App\Models\Model->__construct()
#2 C:\Users\koloz\Documents\Files\Iskola\2024-25\web\school_OOP\app\Controllers\SubjectController.php(10): App\Models\Subject->__construct()
#3 C:\Users\koloz\Documents\Files\Iskola\2024-25\web\school_OOP\app\Routing\Router.php(52): App\Controllers\SubjectController->__construct()
#4 C:\Users\koloz\Documents\Files\Iskola\2024-25\web\school_OOP\app\Routing\Router.php(29): App\Routing\Router->handleGetRequests('/subjects')
#5 C:\Users\koloz\Documents\Files\Iskola\2024-25\web\school_OOP\app\Routing\Router.php(22): App\Routing\Router->dispatch('GET', '/subjects')
#6 C:\Users\koloz\Documents\Files\Iskola\2024-25\web\school_OOP\Public\index.php(11): App\Routing\Router->handle()
#7 {main}
  thrown in C:\Users\koloz\Documents\Files\Iskola\2024-25\web\school_OOP\app\Database\Database.php on line 40
[02-Apr-2025 13:40:16 UTC] PHP Fatal error:  Uncaught Error: Class "App\Views\Display" not found in C:\Users\koloz\Documents\Files\Iskola\2024-25\web\school_OOP\app\Routing\Router.php:84
Stack trace:
#0 C:\Users\koloz\Documents\Files\Iskola\2024-25\web\school_OOP\app\Routing\Router.php(56): App\Routing\Router->notFound()
#1 C:\Users\koloz\Documents\Files\Iskola\2024-25\web\school_OOP\app\Routing\Router.php(29): App\Routing\Router->handleGetRequests('/css/school.css')
#2 C:\Users\koloz\Documents\Files\Iskola\2024-25\web\school_OOP\app\Routing\Router.php(22): App\Routing\Router->dispatch('GET', '/css/school.css')
#3 C:\Users\koloz\Documents\Files\Iskola\2024-25\web\school_OOP\Public\index.php(11): App\Routing\Router->handle()
#4 {main}
  thrown in C:\Users\koloz\Documents\Files\Iskola\2024-25\web\school_OOP\app\Routing\Router.php on line 84
[02-Apr-2025 13:40:16 UTC] PHP Fatal error:  Uncaught Error: Class "App\Views\Display" not found in C:\Users\koloz\Documents\Files\Iskola\2024-25\web\school_OOP\app\Routing\Router.php:84
Stack trace:
#0 C:\Users\koloz\Documents\Files\Iskola\2024-25\web\school_OOP\app\Routing\Router.php(56): App\Routing\Router->notFound()
#1 C:\Users\koloz\Documents\Files\Iskola\2024-25\web\school_OOP\app\Routing\Router.php(29): App\Routing\Router->handleGetRequests('/fontawesome/cs...')
#2 C:\Users\koloz\Documents\Files\Iskola\2024-25\web\school_OOP\app\Routing\Router.php(22): App\Routing\Router->dispatch('GET', '/fontawesome/cs...')
#3 C:\Users\koloz\Documents\Files\Iskola\2024-25\web\school_OOP\Public\index.php(11): App\Routing\Router->handle()
#4 {main}
  thrown in C:\Users\koloz\Documents\Files\Iskola\2024-25\web\school_OOP\app\Routing\Router.php on line 84
[02-Apr-2025 13:40:17 UTC] PHP Fatal error:  Uncaught TypeError: App\Database\Database::getInstance(): Argument #1 ($config) must be of type array, string given, called in C:\Users\koloz\Documents\Files\Iskola\2024-25\web\school_OOP\app\Models\Model.php on line 16 and defined in C:\Users\koloz\Documents\Files\Iskola\2024-25\web\school_OOP\app\Database\Database.php:40
Stack trace:
#0 C:\Users\koloz\Documents\Files\Iskola\2024-25\web\school_OOP\app\Models\Model.php(16): App\Database\Database::getInstance('')
#1 C:\Users\koloz\Documents\Files\Iskola\2024-25\web\school_OOP\app\Models\Subject.php(12): App\Models\Model->__construct()
#2 C:\Users\koloz\Documents\Files\Iskola\2024-25\web\school_OOP\app\Controllers\SubjectController.php(10): App\Models\Subject->__construct()
#3 C:\Users\koloz\Documents\Files\Iskola\2024-25\web\school_OOP\app\Routing\Router.php(52): App\Controllers\SubjectController->__construct()
#4 C:\Users\koloz\Documents\Files\Iskola\2024-25\web\school_OOP\app\Routing\Router.php(29): App\Routing\Router->handleGetRequests('/subjects')
#5 C:\Users\koloz\Documents\Files\Iskola\2024-25\web\school_OOP\app\Routing\Router.php(22): App\Routing\Router->dispatch('GET', '/subjects')
#6 C:\Users\koloz\Documents\Files\Iskola\2024-25\web\school_OOP\Public\index.php(11): App\Routing\Router->handle()
#7 {main}
  thrown in C:\Users\koloz\Documents\Files\Iskola\2024-25\web\school_OOP\app\Database\Database.php on line 40
[02-Apr-2025 13:40:18 UTC] PHP Fatal error:  Uncaught TypeError: App\Database\Database::getInstance(): Argument #1 ($config) must be of type array, string given, called in C:\Users\koloz\Documents\Files\Iskola\2024-25\web\school_OOP\app\Models\Model.php on line 16 and defined in C:\Users\koloz\Documents\Files\Iskola\2024-25\web\school_OOP\app\Database\Database.php:40
Stack trace:
#0 C:\Users\koloz\Documents\Files\Iskola\2024-25\web\school_OOP\app\Models\Model.php(16): App\Database\Database::getInstance('')
#1 C:\Users\koloz\Documents\Files\Iskola\2024-25\web\school_OOP\app\Models\Subject.php(12): App\Models\Model->__construct()
#2 C:\Users\koloz\Documents\Files\Iskola\2024-25\web\school_OOP\app\Controllers\SubjectController.php(10): App\Models\Subject->__construct()
#3 C:\Users\koloz\Documents\Files\Iskola\2024-25\web\school_OOP\app\Routing\Router.php(52): App\Controllers\SubjectController->__construct()
#4 C:\Users\koloz\Documents\Files\Iskola\2024-25\web\school_OOP\app\Routing\Router.php(29): App\Routing\Router->handleGetRequests('/subjects')
#5 C:\Users\koloz\Documents\Files\Iskola\2024-25\web\school_OOP\app\Routing\Router.php(22): App\Routing\Router->dispatch('GET', '/subjects')
#6 C:\Users\koloz\Documents\Files\Iskola\2024-25\web\school_OOP\Public\index.php(11): App\Routing\Router->handle()
#7 {main}
  thrown in C:\Users\koloz\Documents\Files\Iskola\2024-25\web\school_OOP\app\Database\Database.php on line 40
[02-Apr-2025 13:40:19 UTC] PHP Fatal error:  Uncaught TypeError: App\Database\Database::getInstance(): Argument #1 ($config) must be of type array, string given, called in C:\Users\koloz\Documents\Files\Iskola\2024-25\web\school_OOP\app\Models\Model.php on line 16 and defined in C:\Users\koloz\Documents\Files\Iskola\2024-25\web\school_OOP\app\Database\Database.php:40
Stack trace:
#0 C:\Users\koloz\Documents\Files\Iskola\2024-25\web\school_OOP\app\Models\Model.php(16): App\Database\Database::getInstance('')
#1 C:\Users\koloz\Documents\Files\Iskola\2024-25\web\school_OOP\app\Models\Subject.php(12): App\Models\Model->__construct()
#2 C:\Users\koloz\Documents\Files\Iskola\2024-25\web\school_OOP\app\Controllers\SubjectController.php(10): App\Models\Subject->__construct()
#3 C:\Users\koloz\Documents\Files\Iskola\2024-25\web\school_OOP\app\Routing\Router.php(52): App\Controllers\SubjectController->__construct()
#4 C:\Users\koloz\Documents\Files\Iskola\2024-25\web\school_OOP\app\Routing\Router.php(29): App\Routing\Router->handleGetRequests('/subjects')
#5 C:\Users\koloz\Documents\Files\Iskola\2024-25\web\school_OOP\app\Routing\Router.php(22): App\Routing\Router->dispatch('GET', '/subjects')
#6 C:\Users\koloz\Documents\Files\Iskola\2024-25\web\school_OOP\Public\index.php(11): App\Routing\Router->handle()
#7 {main}
  thrown in C:\Users\koloz\Documents\Files\Iskola\2024-25\web\school_OOP\app\Database\Database.php on line 40
[02-Apr-2025 13:40:19 UTC] PHP Fatal error:  Uncaught TypeError: App\Database\Database::getInstance(): Argument #1 ($config) must be of type array, string given, called in C:\Users\koloz\Documents\Files\Iskola\2024-25\web\school_OOP\app\Models\Model.php on line 16 and defined in C:\Users\koloz\Documents\Files\Iskola\2024-25\web\school_OOP\app\Database\Database.php:40
Stack trace:
#0 C:\Users\koloz\Documents\Files\Iskola\2024-25\web\school_OOP\app\Models\Model.php(16): App\Database\Database::getInstance('')
#1 C:\Users\koloz\Documents\Files\Iskola\2024-25\web\school_OOP\app\Models\Subject.php(12): App\Models\Model->__construct()
#2 C:\Users\koloz\Documents\Files\Iskola\2024-25\web\school_OOP\app\Controllers\SubjectController.php(10): App\Models\Subject->__construct()
#3 C:\Users\koloz\Documents\Files\Iskola\2024-25\web\school_OOP\app\Routing\Router.php(52): App\Controllers\SubjectController->__construct()
#4 C:\Users\koloz\Documents\Files\Iskola\2024-25\web\school_OOP\app\Routing\Router.php(29): App\Routing\Router->handleGetRequests('/subjects')
#5 C:\Users\koloz\Documents\Files\Iskola\2024-25\web\school_OOP\app\Routing\Router.php(22): App\Routing\Router->dispatch('GET', '/subjects')
#6 C:\Users\koloz\Documents\Files\Iskola\2024-25\web\school_OOP\Public\index.php(11): App\Routing\Router->handle()
#7 {main}
  thrown in C:\Users\koloz\Documents\Files\Iskola\2024-25\web\school_OOP\app\Database\Database.php on line 40
[02-Apr-2025 13:40:19 UTC] PHP Fatal error:  Uncaught TypeError: App\Database\Database::getInstance(): Argument #1 ($config) must be of type array, string given, called in C:\Users\koloz\Documents\Files\Iskola\2024-25\web\school_OOP\app\Models\Model.php on line 16 and defined in C:\Users\koloz\Documents\Files\Iskola\2024-25\web\school_OOP\app\Database\Database.php:40
Stack trace:
#0 C:\Users\koloz\Documents\Files\Iskola\2024-25\web\school_OOP\app\Models\Model.php(16): App\Database\Database::getInstance('')
#1 C:\Users\koloz\Documents\Files\Iskola\2024-25\web\school_OOP\app\Models\Subject.php(12): App\Models\Model->__construct()
#2 C:\Users\koloz\Documents\Files\Iskola\2024-25\web\school_OOP\app\Controllers\SubjectController.php(10): App\Models\Subject->__construct()
#3 C:\Users\koloz\Documents\Files\Iskola\2024-25\web\school_OOP\app\Routing\Router.php(52): App\Controllers\SubjectController->__construct()
#4 C:\Users\koloz\Documents\Files\Iskola\2024-25\web\school_OOP\app\Routing\Router.php(29): App\Routing\Router->handleGetRequests('/subjects')
#5 C:\Users\koloz\Documents\Files\Iskola\2024-25\web\school_OOP\app\Routing\Router.php(22): App\Routing\Router->dispatch('GET', '/subjects')
#6 C:\Users\koloz\Documents\Files\Iskola\2024-25\web\school_OOP\Public\index.php(11): App\Routing\Router->handle()
#7 {main}
  thrown in C:\Users\koloz\Documents\Files\Iskola\2024-25\web\school_OOP\app\Database\Database.php on line 40
[02-Apr-2025 13:40:19 UTC] PHP Fatal error:  Uncaught TypeError: App\Database\Database::getInstance(): Argument #1 ($config) must be of type array, string given, called in C:\Users\koloz\Documents\Files\Iskola\2024-25\web\school_OOP\app\Models\Model.php on line 16 and defined in C:\Users\koloz\Documents\Files\Iskola\2024-25\web\school_OOP\app\Database\Database.php:40
Stack trace:
#0 C:\Users\koloz\Documents\Files\Iskola\2024-25\web\school_OOP\app\Models\Model.php(16): App\Database\Database::getInstance('')
#1 C:\Users\koloz\Documents\Files\Iskola\2024-25\web\school_OOP\app\Models\Subject.php(12): App\Models\Model->__construct()
#2 C:\Users\koloz\Documents\Files\Iskola\2024-25\web\school_OOP\app\Controllers\SubjectController.php(10): App\Models\Subject->__construct()
#3 C:\Users\koloz\Documents\Files\Iskola\2024-25\web\school_OOP\app\Routing\Router.php(52): App\Controllers\SubjectController->__construct()
#4 C:\Users\koloz\Documents\Files\Iskola\2024-25\web\school_OOP\app\Routing\Router.php(29): App\Routing\Router->handleGetRequests('/subjects')
#5 C:\Users\koloz\Documents\Files\Iskola\2024-25\web\school_OOP\app\Routing\Router.php(22): App\Routing\Router->dispatch('GET', '/subjects')
#6 C:\Users\koloz\Documents\Files\Iskola\2024-25\web\school_OOP\Public\index.php(11): App\Routing\Router->handle()
#7 {main}
  thrown in C:\Users\koloz\Documents\Files\Iskola\2024-25\web\school_OOP\app\Database\Database.php on line 40
[02-Apr-2025 13:40:19 UTC] PHP Fatal error:  Uncaught TypeError: App\Database\Database::getInstance(): Argument #1 ($config) must be of type array, string given, called in C:\Users\koloz\Documents\Files\Iskola\2024-25\web\school_OOP\app\Models\Model.php on line 16 and defined in C:\Users\koloz\Documents\Files\Iskola\2024-25\web\school_OOP\app\Database\Database.php:40
Stack trace:
#0 C:\Users\koloz\Documents\Files\Iskola\2024-25\web\school_OOP\app\Models\Model.php(16): App\Database\Database::getInstance('')
#1 C:\Users\koloz\Documents\Files\Iskola\2024-25\web\school_OOP\app\Models\Subject.php(12): App\Models\Model->__construct()
#2 C:\Users\koloz\Documents\Files\Iskola\2024-25\web\school_OOP\app\Controllers\SubjectController.php(10): App\Models\Subject->__construct()
#3 C:\Users\koloz\Documents\Files\Iskola\2024-25\web\school_OOP\app\Routing\Router.php(52): App\Controllers\SubjectController->__construct()
#4 C:\Users\koloz\Documents\Files\Iskola\2024-25\web\school_OOP\app\Routing\Router.php(29): App\Routing\Router->handleGetRequests('/subjects')
#5 C:\Users\koloz\Documents\Files\Iskola\2024-25\web\school_OOP\app\Routing\Router.php(22): App\Routing\Router->dispatch('GET', '/subjects')
#6 C:\Users\koloz\Documents\Files\Iskola\2024-25\web\school_OOP\Public\index.php(11): App\Routing\Router->handle()
#7 {main}
  thrown in C:\Users\koloz\Documents\Files\Iskola\2024-25\web\school_OOP\app\Database\Database.php on line 40
[02-Apr-2025 13:40:19 UTC] PHP Fatal error:  Uncaught TypeError: App\Database\Database::getInstance(): Argument #1 ($config) must be of type array, string given, called in C:\Users\koloz\Documents\Files\Iskola\2024-25\web\school_OOP\app\Models\Model.php on line 16 and defined in C:\Users\koloz\Documents\Files\Iskola\2024-25\web\school_OOP\app\Database\Database.php:40
Stack trace:
#0 C:\Users\koloz\Documents\Files\Iskola\2024-25\web\school_OOP\app\Models\Model.php(16): App\Database\Database::getInstance('')
#1 C:\Users\koloz\Documents\Files\Iskola\2024-25\web\school_OOP\app\Models\Subject.php(12): App\Models\Model->__construct()
#2 C:\Users\koloz\Documents\Files\Iskola\2024-25\web\school_OOP\app\Controllers\SubjectController.php(10): App\Models\Subject->__construct()
#3 C:\Users\koloz\Documents\Files\Iskola\2024-25\web\school_OOP\app\Routing\Router.php(52): App\Controllers\SubjectController->__construct()
#4 C:\Users\koloz\Documents\Files\Iskola\2024-25\web\school_OOP\app\Routing\Router.php(29): App\Routing\Router->handleGetRequests('/subjects')
#5 C:\Users\koloz\Documents\Files\Iskola\2024-25\web\school_OOP\app\Routing\Router.php(22): App\Routing\Router->dispatch('GET', '/subjects')
#6 C:\Users\koloz\Documents\Files\Iskola\2024-25\web\school_OOP\Public\index.php(11): App\Routing\Router->handle()
#7 {main}
  thrown in C:\Users\koloz\Documents\Files\Iskola\2024-25\web\school_OOP\app\Database\Database.php on line 40
[02-Apr-2025 13:40:20 UTC] PHP Fatal error:  Uncaught TypeError: App\Database\Database::getInstance(): Argument #1 ($config) must be of type array, string given, called in C:\Users\koloz\Documents\Files\Iskola\2024-25\web\school_OOP\app\Models\Model.php on line 16 and defined in C:\Users\koloz\Documents\Files\Iskola\2024-25\web\school_OOP\app\Database\Database.php:40
Stack trace:
#0 C:\Users\koloz\Documents\Files\Iskola\2024-25\web\school_OOP\app\Models\Model.php(16): App\Database\Database::getInstance('')
#1 C:\Users\koloz\Documents\Files\Iskola\2024-25\web\school_OOP\app\Models\Subject.php(12): App\Models\Model->__construct()
#2 C:\Users\koloz\Documents\Files\Iskola\2024-25\web\school_OOP\app\Controllers\SubjectController.php(10): App\Models\Subject->__construct()
#3 C:\Users\koloz\Documents\Files\Iskola\2024-25\web\school_OOP\app\Routing\Router.php(52): App\Controllers\SubjectController->__construct()
#4 C:\Users\koloz\Documents\Files\Iskola\2024-25\web\school_OOP\app\Routing\Router.php(29): App\Routing\Router->handleGetRequests('/subjects')
#5 C:\Users\koloz\Documents\Files\Iskola\2024-25\web\school_OOP\app\Routing\Router.php(22): App\Routing\Router->dispatch('GET', '/subjects')
#6 C:\Users\koloz\Documents\Files\Iskola\2024-25\web\school_OOP\Public\index.php(11): App\Routing\Router->handle()
#7 {main}
  thrown in C:\Users\koloz\Documents\Files\Iskola\2024-25\web\school_OOP\app\Database\Database.php on line 40
[02-Apr-2025 13:40:20 UTC] PHP Fatal error:  Uncaught TypeError: App\Database\Database::getInstance(): Argument #1 ($config) must be of type array, string given, called in C:\Users\koloz\Documents\Files\Iskola\2024-25\web\school_OOP\app\Models\Model.php on line 16 and defined in C:\Users\koloz\Documents\Files\Iskola\2024-25\web\school_OOP\app\Database\Database.php:40
Stack trace:
#0 C:\Users\koloz\Documents\Files\Iskola\2024-25\web\school_OOP\app\Models\Model.php(16): App\Database\Database::getInstance('')
#1 C:\Users\koloz\Documents\Files\Iskola\2024-25\web\school_OOP\app\Models\Subject.php(12): App\Models\Model->__construct()
#2 C:\Users\koloz\Documents\Files\Iskola\2024-25\web\school_OOP\app\Controllers\SubjectController.php(10): App\Models\Subject->__construct()
#3 C:\Users\koloz\Documents\Files\Iskola\2024-25\web\school_OOP\app\Routing\Router.php(52): App\Controllers\SubjectController->__construct()
#4 C:\Users\koloz\Documents\Files\Iskola\2024-25\web\school_OOP\app\Routing\Router.php(29): App\Routing\Router->handleGetRequests('/subjects')
#5 C:\Users\koloz\Documents\Files\Iskola\2024-25\web\school_OOP\app\Routing\Router.php(22): App\Routing\Router->dispatch('GET', '/subjects')
#6 C:\Users\koloz\Documents\Files\Iskola\2024-25\web\school_OOP\Public\index.php(11): App\Routing\Router->handle()
#7 {main}
  thrown in C:\Users\koloz\Documents\Files\Iskola\2024-25\web\school_OOP\app\Database\Database.php on line 40
[02-Apr-2025 13:40:20 UTC] PHP Fatal error:  Uncaught TypeError: App\Database\Database::getInstance(): Argument #1 ($config) must be of type array, string given, called in C:\Users\koloz\Documents\Files\Iskola\2024-25\web\school_OOP\app\Models\Model.php on line 16 and defined in C:\Users\koloz\Documents\Files\Iskola\2024-25\web\school_OOP\app\Database\Database.php:40
Stack trace:
#0 C:\Users\koloz\Documents\Files\Iskola\2024-25\web\school_OOP\app\Models\Model.php(16): App\Database\Database::getInstance('')
#1 C:\Users\koloz\Documents\Files\Iskola\2024-25\web\school_OOP\app\Models\Subject.php(12): App\Models\Model->__construct()
#2 C:\Users\koloz\Documents\Files\Iskola\2024-25\web\school_OOP\app\Controllers\SubjectController.php(10): App\Models\Subject->__construct()
#3 C:\Users\koloz\Documents\Files\Iskola\2024-25\web\school_OOP\app\Routing\Router.php(52): App\Controllers\SubjectController->__construct()
#4 C:\Users\koloz\Documents\Files\Iskola\2024-25\web\school_OOP\app\Routing\Router.php(29): App\Routing\Router->handleGetRequests('/subjects')
#5 C:\Users\koloz\Documents\Files\Iskola\2024-25\web\school_OOP\app\Routing\Router.php(22): App\Routing\Router->dispatch('GET', '/subjects')
#6 C:\Users\koloz\Documents\Files\Iskola\2024-25\web\school_OOP\Public\index.php(11): App\Routing\Router->handle()
#7 {main}
  thrown in C:\Users\koloz\Documents\Files\Iskola\2024-25\web\school_OOP\app\Database\Database.php on line 40
[02-Apr-2025 13:40:46 UTC] could not find driver
[02-Apr-2025 13:40:46 UTC] PHP Fatal error:  Uncaught RuntimeException: Database connection error in C:\Users\koloz\Documents\Files\Iskola\2024-25\web\school_OOP\app\Database\Database.php:36
Stack trace:
#0 C:\Users\koloz\Documents\Files\Iskola\2024-25\web\school_OOP\app\Database\Database.php(43): App\Database\Database->__construct(Array)
#1 C:\Users\koloz\Documents\Files\Iskola\2024-25\web\school_OOP\app\Models\Model.php(16): App\Database\Database::getInstance()
#2 C:\Users\koloz\Documents\Files\Iskola\2024-25\web\school_OOP\app\Models\Subject.php(12): App\Models\Model->__construct()
#3 C:\Users\koloz\Documents\Files\Iskola\2024-25\web\school_OOP\app\Controllers\SubjectController.php(10): App\Models\Subject->__construct()
#4 C:\Users\koloz\Documents\Files\Iskola\2024-25\web\school_OOP\app\Routing\Router.php(52): App\Controllers\SubjectController->__construct()
#5 C:\Users\koloz\Documents\Files\Iskola\2024-25\web\school_OOP\app\Routing\Router.php(29): App\Routing\Router->handleGetRequests('/subjects')
#6 C:\Users\koloz\Documents\Files\Iskola\2024-25\web\school_OOP\app\Routing\Router.php(22): App\Routing\Router->dispatch('GET', '/subjects')
#7 C:\Users\koloz\Documents\Files\Iskola\2024-25\web\school_OOP\Public\index.php(11): App\Routing\Router->handle()
#8 {main}
  thrown in C:\Users\koloz\Documents\Files\Iskola\2024-25\web\school_OOP\app\Database\Database.php on line 36
[02-Apr-2025 13:41:22 UTC] could not find driver
[02-Apr-2025 13:41:22 UTC] PHP Fatal error:  Uncaught RuntimeException: Database connection error in C:\Users\koloz\Documents\Files\Iskola\2024-25\web\school_OOP\app\Database\Database.php:36
Stack trace:
#0 C:\Users\koloz\Documents\Files\Iskola\2024-25\web\school_OOP\app\Database\Database.php(43): App\Database\Database->__construct(Array)
#1 C:\Users\koloz\Documents\Files\Iskola\2024-25\web\school_OOP\app\Models\Model.php(16): App\Database\Database::getInstance()
#2 C:\Users\koloz\Documents\Files\Iskola\2024-25\web\school_OOP\app\Models\Subject.php(12): App\Models\Model->__construct()
#3 C:\Users\koloz\Documents\Files\Iskola\2024-25\web\school_OOP\app\Controllers\SubjectController.php(10): App\Models\Subject->__construct()
#4 C:\Users\koloz\Documents\Files\Iskola\2024-25\web\school_OOP\app\Routing\Router.php(52): App\Controllers\SubjectController->__construct()
#5 C:\Users\koloz\Documents\Files\Iskola\2024-25\web\school_OOP\app\Routing\Router.php(29): App\Routing\Router->handleGetRequests('/subjects')
#6 C:\Users\koloz\Documents\Files\Iskola\2024-25\web\school_OOP\app\Routing\Router.php(22): App\Routing\Router->dispatch('GET', '/subjects')
#7 C:\Users\koloz\Documents\Files\Iskola\2024-25\web\school_OOP\Public\index.php(11): App\Routing\Router->handle()
#8 {main}
  thrown in C:\Users\koloz\Documents\Files\Iskola\2024-25\web\school_OOP\app\Database\Database.php on line 36
[02-Apr-2025 13:42:25 UTC] could not find driver
[02-Apr-2025 13:42:25 UTC] PHP Fatal error:  Uncaught RuntimeException: Database connection error in C:\Users\koloz\Documents\Files\Iskola\2024-25\web\school_OOP\app\Database\Database.php:36
Stack trace:
#0 C:\Users\koloz\Documents\Files\Iskola\2024-25\web\school_OOP\app\Database\Database.php(43): App\Database\Database->__construct(Array)
#1 C:\Users\koloz\Documents\Files\Iskola\2024-25\web\school_OOP\app\Models\Model.php(16): App\Database\Database::getInstance()
#2 C:\Users\koloz\Documents\Files\Iskola\2024-25\web\school_OOP\app\Models\Subject.php(12): App\Models\Model->__construct()
#3 C:\Users\koloz\Documents\Files\Iskola\2024-25\web\school_OOP\app\Controllers\SubjectController.php(10): App\Models\Subject->__construct()
#4 C:\Users\koloz\Documents\Files\Iskola\2024-25\web\school_OOP\app\Routing\Router.php(52): App\Controllers\SubjectController->__construct()
#5 C:\Users\koloz\Documents\Files\Iskola\2024-25\web\school_OOP\app\Routing\Router.php(29): App\Routing\Router->handleGetRequests('/subjects')
#6 C:\Users\koloz\Documents\Files\Iskola\2024-25\web\school_OOP\app\Routing\Router.php(22): App\Routing\Router->dispatch('GET', '/subjects')
#7 C:\Users\koloz\Documents\Files\Iskola\2024-25\web\school_OOP\Public\index.php(11): App\Routing\Router->handle()
#8 {main}
  thrown in C:\Users\koloz\Documents\Files\Iskola\2024-25\web\school_OOP\app\Database\Database.php on line 36
[02-Apr-2025 13:42:26 UTC] could not find driver
[02-Apr-2025 13:42:26 UTC] PHP Fatal error:  Uncaught RuntimeException: Database connection error in C:\Users\koloz\Documents\Files\Iskola\2024-25\web\school_OOP\app\Database\Database.php:36
Stack trace:
#0 C:\Users\koloz\Documents\Files\Iskola\2024-25\web\school_OOP\app\Database\Database.php(43): App\Database\Database->__construct(Array)
#1 C:\Users\koloz\Documents\Files\Iskola\2024-25\web\school_OOP\app\Models\Model.php(16): App\Database\Database::getInstance()
#2 C:\Users\koloz\Documents\Files\Iskola\2024-25\web\school_OOP\app\Models\Subject.php(12): App\Models\Model->__construct()
#3 C:\Users\koloz\Documents\Files\Iskola\2024-25\web\school_OOP\app\Controllers\SubjectController.php(10): App\Models\Subject->__construct()
#4 C:\Users\koloz\Documents\Files\Iskola\2024-25\web\school_OOP\app\Routing\Router.php(52): App\Controllers\SubjectController->__construct()
#5 C:\Users\koloz\Documents\Files\Iskola\2024-25\web\school_OOP\app\Routing\Router.php(29): App\Routing\Router->handleGetRequests('/subjects')
#6 C:\Users\koloz\Documents\Files\Iskola\2024-25\web\school_OOP\app\Routing\Router.php(22): App\Routing\Router->dispatch('GET', '/subjects')
#7 C:\Users\koloz\Documents\Files\Iskola\2024-25\web\school_OOP\Public\index.php(11): App\Routing\Router->handle()
#8 {main}
  thrown in C:\Users\koloz\Documents\Files\Iskola\2024-25\web\school_OOP\app\Database\Database.php on line 36
[02-Apr-2025 13:42:26 UTC] could not find driver
[02-Apr-2025 13:42:26 UTC] PHP Fatal error:  Uncaught RuntimeException: Database connection error in C:\Users\koloz\Documents\Files\Iskola\2024-25\web\school_OOP\app\Database\Database.php:36
Stack trace:
#0 C:\Users\koloz\Documents\Files\Iskola\2024-25\web\school_OOP\app\Database\Database.php(43): App\Database\Database->__construct(Array)
#1 C:\Users\koloz\Documents\Files\Iskola\2024-25\web\school_OOP\app\Models\Model.php(16): App\Database\Database::getInstance()
#2 C:\Users\koloz\Documents\Files\Iskola\2024-25\web\school_OOP\app\Models\Subject.php(12): App\Models\Model->__construct()
#3 C:\Users\koloz\Documents\Files\Iskola\2024-25\web\school_OOP\app\Controllers\SubjectController.php(10): App\Models\Subject->__construct()
#4 C:\Users\koloz\Documents\Files\Iskola\2024-25\web\school_OOP\app\Routing\Router.php(52): App\Controllers\SubjectController->__construct()
#5 C:\Users\koloz\Documents\Files\Iskola\2024-25\web\school_OOP\app\Routing\Router.php(29): App\Routing\Router->handleGetRequests('/subjects')
#6 C:\Users\koloz\Documents\Files\Iskola\2024-25\web\school_OOP\app\Routing\Router.php(22): App\Routing\Router->dispatch('GET', '/subjects')
#7 C:\Users\koloz\Documents\Files\Iskola\2024-25\web\school_OOP\Public\index.php(11): App\Routing\Router->handle()
#8 {main}
  thrown in C:\Users\koloz\Documents\Files\Iskola\2024-25\web\school_OOP\app\Database\Database.php on line 36
[02-Apr-2025 13:42:28 UTC] PHP Fatal error:  Uncaught Error: Class "App\Views\Display" not found in C:\Users\koloz\Documents\Files\Iskola\2024-25\web\school_OOP\app\Routing\Router.php:84
Stack trace:
#0 C:\Users\koloz\Documents\Files\Iskola\2024-25\web\school_OOP\app\Routing\Router.php(56): App\Routing\Router->notFound()
#1 C:\Users\koloz\Documents\Files\Iskola\2024-25\web\school_OOP\app\Routing\Router.php(29): App\Routing\Router->handleGetRequests('/css/school.css')
#2 C:\Users\koloz\Documents\Files\Iskola\2024-25\web\school_OOP\app\Routing\Router.php(22): App\Routing\Router->dispatch('GET', '/css/school.css')
#3 C:\Users\koloz\Documents\Files\Iskola\2024-25\web\school_OOP\Public\index.php(11): App\Routing\Router->handle()
#4 {main}
  thrown in C:\Users\koloz\Documents\Files\Iskola\2024-25\web\school_OOP\app\Routing\Router.php on line 84
[02-Apr-2025 13:42:28 UTC] PHP Fatal error:  Uncaught Error: Class "App\Views\Display" not found in C:\Users\koloz\Documents\Files\Iskola\2024-25\web\school_OOP\app\Routing\Router.php:84
Stack trace:
#0 C:\Users\koloz\Documents\Files\Iskola\2024-25\web\school_OOP\app\Routing\Router.php(56): App\Routing\Router->notFound()
#1 C:\Users\koloz\Documents\Files\Iskola\2024-25\web\school_OOP\app\Routing\Router.php(29): App\Routing\Router->handleGetRequests('/fontawesome/cs...')
#2 C:\Users\koloz\Documents\Files\Iskola\2024-25\web\school_OOP\app\Routing\Router.php(22): App\Routing\Router->dispatch('GET', '/fontawesome/cs...')
#3 C:\Users\koloz\Documents\Files\Iskola\2024-25\web\school_OOP\Public\index.php(11): App\Routing\Router->handle()
#4 {main}
  thrown in C:\Users\koloz\Documents\Files\Iskola\2024-25\web\school_OOP\app\Routing\Router.php on line 84
[02-Apr-2025 13:42:29 UTC] could not find driver
[02-Apr-2025 13:42:29 UTC] PHP Fatal error:  Uncaught RuntimeException: Database connection error in C:\Users\koloz\Documents\Files\Iskola\2024-25\web\school_OOP\app\Database\Database.php:36
Stack trace:
#0 C:\Users\koloz\Documents\Files\Iskola\2024-25\web\school_OOP\app\Database\Database.php(43): App\Database\Database->__construct(Array)
#1 C:\Users\koloz\Documents\Files\Iskola\2024-25\web\school_OOP\app\Models\Model.php(16): App\Database\Database::getInstance()
#2 C:\Users\koloz\Documents\Files\Iskola\2024-25\web\school_OOP\app\Models\Subject.php(12): App\Models\Model->__construct()
#3 C:\Users\koloz\Documents\Files\Iskola\2024-25\web\school_OOP\app\Controllers\SubjectController.php(10): App\Models\Subject->__construct()
#4 C:\Users\koloz\Documents\Files\Iskola\2024-25\web\school_OOP\app\Routing\Router.php(52): App\Controllers\SubjectController->__construct()
#5 C:\Users\koloz\Documents\Files\Iskola\2024-25\web\school_OOP\app\Routing\Router.php(29): App\Routing\Router->handleGetRequests('/subjects')
#6 C:\Users\koloz\Documents\Files\Iskola\2024-25\web\school_OOP\app\Routing\Router.php(22): App\Routing\Router->dispatch('GET', '/subjects')
#7 C:\Users\koloz\Documents\Files\Iskola\2024-25\web\school_OOP\Public\index.php(11): App\Routing\Router->handle()
#8 {main}
  thrown in C:\Users\koloz\Documents\Files\Iskola\2024-25\web\school_OOP\app\Database\Database.php on line 36
[02-Apr-2025 13:43:09 UTC] could not find driver
[02-Apr-2025 13:43:09 UTC] PHP Fatal error:  Uncaught RuntimeException: Database connection error in C:\Users\koloz\Documents\Files\Iskola\2024-25\web\school_OOP\app\Database\Database.php:36
Stack trace:
#0 C:\Users\koloz\Documents\Files\Iskola\2024-25\web\school_OOP\app\Database\Database.php(43): App\Database\Database->__construct(Array)
#1 C:\Users\koloz\Documents\Files\Iskola\2024-25\web\school_OOP\app\Models\Model.php(16): App\Database\Database::getInstance()
#2 C:\Users\koloz\Documents\Files\Iskola\2024-25\web\school_OOP\app\Models\Subject.php(12): App\Models\Model->__construct()
#3 C:\Users\koloz\Documents\Files\Iskola\2024-25\web\school_OOP\app\Controllers\SubjectController.php(10): App\Models\Subject->__construct()
#4 C:\Users\koloz\Documents\Files\Iskola\2024-25\web\school_OOP\app\Routing\Router.php(52): App\Controllers\SubjectController->__construct()
#5 C:\Users\koloz\Documents\Files\Iskola\2024-25\web\school_OOP\app\Routing\Router.php(29): App\Routing\Router->handleGetRequests('/subjects')
#6 C:\Users\koloz\Documents\Files\Iskola\2024-25\web\school_OOP\app\Routing\Router.php(22): App\Routing\Router->dispatch('GET', '/subjects')
#7 C:\Users\koloz\Documents\Files\Iskola\2024-25\web\school_OOP\Public\index.php(11): App\Routing\Router->handle()
#8 {main}
  thrown in C:\Users\koloz\Documents\Files\Iskola\2024-25\web\school_OOP\app\Database\Database.php on line 36
[09-Apr-2025 11:40:27 UTC] PHP Fatal error:  Uncaught Error: Class "App\Views\Display" not found in C:\Users\koloz\Documents\Files\Iskola\2024-25\web\school_OOP\app\Routing\Router.php:84
Stack trace:
#0 C:\Users\koloz\Documents\Files\Iskola\2024-25\web\school_OOP\app\Routing\Router.php(56): App\Routing\Router->notFound()
#1 C:\Users\koloz\Documents\Files\Iskola\2024-25\web\school_OOP\app\Routing\Router.php(29): App\Routing\Router->handleGetRequests('/css/school.css')
#2 C:\Users\koloz\Documents\Files\Iskola\2024-25\web\school_OOP\app\Routing\Router.php(22): App\Routing\Router->dispatch('GET', '/css/school.css')
#3 C:\Users\koloz\Documents\Files\Iskola\2024-25\web\school_OOP\Public\index.php(11): App\Routing\Router->handle()
#4 {main}
  thrown in C:\Users\koloz\Documents\Files\Iskola\2024-25\web\school_OOP\app\Routing\Router.php on line 84
[09-Apr-2025 11:40:27 UTC] PHP Fatal error:  Uncaught Error: Class "App\Views\Display" not found in C:\Users\koloz\Documents\Files\Iskola\2024-25\web\school_OOP\app\Routing\Router.php:84
Stack trace:
#0 C:\Users\koloz\Documents\Files\Iskola\2024-25\web\school_OOP\app\Routing\Router.php(56): App\Routing\Router->notFound()
#1 C:\Users\koloz\Documents\Files\Iskola\2024-25\web\school_OOP\app\Routing\Router.php(29): App\Routing\Router->handleGetRequests('/fontawesome/cs...')
#2 C:\Users\koloz\Documents\Files\Iskola\2024-25\web\school_OOP\app\Routing\Router.php(22): App\Routing\Router->dispatch('GET', '/fontawesome/cs...')
#3 C:\Users\koloz\Documents\Files\Iskola\2024-25\web\school_OOP\Public\index.php(11): App\Routing\Router->handle()
#4 {main}
  thrown in C:\Users\koloz\Documents\Files\Iskola\2024-25\web\school_OOP\app\Routing\Router.php on line 84
[09-Apr-2025 11:40:29 UTC] could not find driver
[09-Apr-2025 11:40:29 UTC] PHP Fatal error:  Uncaught RuntimeException: Database connection error in C:\Users\koloz\Documents\Files\Iskola\2024-25\web\school_OOP\app\Database\Database.php:38
Stack trace:
#0 C:\Users\koloz\Documents\Files\Iskola\2024-25\web\school_OOP\app\Database\Database.php(45): App\Database\Database->__construct(Array)
#1 C:\Users\koloz\Documents\Files\Iskola\2024-25\web\school_OOP\app\Models\Model.php(16): App\Database\Database::getInstance()
#2 C:\Users\koloz\Documents\Files\Iskola\2024-25\web\school_OOP\app\Models\Subject.php(12): App\Models\Model->__construct()
#3 C:\Users\koloz\Documents\Files\Iskola\2024-25\web\school_OOP\app\Controllers\SubjectController.php(10): App\Models\Subject->__construct()
#4 C:\Users\koloz\Documents\Files\Iskola\2024-25\web\school_OOP\app\Routing\Router.php(52): App\Controllers\SubjectController->__construct()
#5 C:\Users\koloz\Documents\Files\Iskola\2024-25\web\school_OOP\app\Routing\Router.php(29): App\Routing\Router->handleGetRequests('/subjects')
#6 C:\Users\koloz\Documents\Files\Iskola\2024-25\web\school_OOP\app\Routing\Router.php(22): App\Routing\Router->dispatch('GET', '/subjects')
#7 C:\Users\koloz\Documents\Files\Iskola\2024-25\web\school_OOP\Public\index.php(11): App\Routing\Router->handle()
#8 {main}
  thrown in C:\Users\koloz\Documents\Files\Iskola\2024-25\web\school_OOP\app\Database\Database.php on line 38
[09-Apr-2025 11:40:31 UTC] PHP Fatal error:  Uncaught Error: Class "App\Views\Display" not found in C:\Users\koloz\Documents\Files\Iskola\2024-25\web\school_OOP\app\Routing\Router.php:84
Stack trace:
#0 C:\Users\koloz\Documents\Files\Iskola\2024-25\web\school_OOP\app\Routing\Router.php(56): App\Routing\Router->notFound()
#1 C:\Users\koloz\Documents\Files\Iskola\2024-25\web\school_OOP\app\Routing\Router.php(29): App\Routing\Router->handleGetRequests('/css/school.css')
#2 C:\Users\koloz\Documents\Files\Iskola\2024-25\web\school_OOP\app\Routing\Router.php(22): App\Routing\Router->dispatch('GET', '/css/school.css')
#3 C:\Users\koloz\Documents\Files\Iskola\2024-25\web\school_OOP\Public\index.php(11): App\Routing\Router->handle()
#4 {main}
  thrown in C:\Users\koloz\Documents\Files\Iskola\2024-25\web\school_OOP\app\Routing\Router.php on line 84
[09-Apr-2025 11:40:31 UTC] PHP Fatal error:  Uncaught Error: Class "App\Views\Display" not found in C:\Users\koloz\Documents\Files\Iskola\2024-25\web\school_OOP\app\Routing\Router.php:84
Stack trace:
#0 C:\Users\koloz\Documents\Files\Iskola\2024-25\web\school_OOP\app\Routing\Router.php(56): App\Routing\Router->notFound()
#1 C:\Users\koloz\Documents\Files\Iskola\2024-25\web\school_OOP\app\Routing\Router.php(29): App\Routing\Router->handleGetRequests('/fontawesome/cs...')
#2 C:\Users\koloz\Documents\Files\Iskola\2024-25\web\school_OOP\app\Routing\Router.php(22): App\Routing\Router->dispatch('GET', '/fontawesome/cs...')
#3 C:\Users\koloz\Documents\Files\Iskola\2024-25\web\school_OOP\Public\index.php(11): App\Routing\Router->handle()
#4 {main}
  thrown in C:\Users\koloz\Documents\Files\Iskola\2024-25\web\school_OOP\app\Routing\Router.php on line 84
[09-Apr-2025 11:40:36 UTC] could not find driver
[09-Apr-2025 11:40:36 UTC] PHP Fatal error:  Uncaught RuntimeException: Database connection error in C:\Users\koloz\Documents\Files\Iskola\2024-25\web\school_OOP\app\Database\Database.php:38
Stack trace:
#0 C:\Users\koloz\Documents\Files\Iskola\2024-25\web\school_OOP\app\Database\Database.php(45): App\Database\Database->__construct(Array)
#1 C:\Users\koloz\Documents\Files\Iskola\2024-25\web\school_OOP\app\Models\Model.php(16): App\Database\Database::getInstance()
#2 C:\Users\koloz\Documents\Files\Iskola\2024-25\web\school_OOP\app\Models\Subject.php(12): App\Models\Model->__construct()
#3 C:\Users\koloz\Documents\Files\Iskola\2024-25\web\school_OOP\app\Controllers\SubjectController.php(10): App\Models\Subject->__construct()
#4 C:\Users\koloz\Documents\Files\Iskola\2024-25\web\school_OOP\app\Routing\Router.php(52): App\Controllers\SubjectController->__construct()
#5 C:\Users\koloz\Documents\Files\Iskola\2024-25\web\school_OOP\app\Routing\Router.php(29): App\Routing\Router->handleGetRequests('/subjects')
#6 C:\Users\koloz\Documents\Files\Iskola\2024-25\web\school_OOP\app\Routing\Router.php(22): App\Routing\Router->dispatch('GET', '/subjects')
#7 C:\Users\koloz\Documents\Files\Iskola\2024-25\web\school_OOP\Public\index.php(11): App\Routing\Router->handle()
#8 {main}
  thrown in C:\Users\koloz\Documents\Files\Iskola\2024-25\web\school_OOP\app\Database\Database.php on line 38
[09-Apr-2025 11:41:09 UTC] PHP Fatal error:  Uncaught Error: Class "App\Views\Display" not found in C:\Users\koloz\Documents\Files\Iskola\2024-25\web\school_OOP\app\Routing\Router.php:84
Stack trace:
#0 C:\Users\koloz\Documents\Files\Iskola\2024-25\web\school_OOP\app\Routing\Router.php(56): App\Routing\Router->notFound()
#1 C:\Users\koloz\Documents\Files\Iskola\2024-25\web\school_OOP\app\Routing\Router.php(29): App\Routing\Router->handleGetRequests('/css/school.css')
#2 C:\Users\koloz\Documents\Files\Iskola\2024-25\web\school_OOP\app\Routing\Router.php(22): App\Routing\Router->dispatch('GET', '/css/school.css')
#3 C:\Users\koloz\Documents\Files\Iskola\2024-25\web\school_OOP\Public\index.php(11): App\Routing\Router->handle()
#4 {main}
  thrown in C:\Users\koloz\Documents\Files\Iskola\2024-25\web\school_OOP\app\Routing\Router.php on line 84
[09-Apr-2025 11:41:09 UTC] PHP Fatal error:  Uncaught Error: Class "App\Views\Display" not found in C:\Users\koloz\Documents\Files\Iskola\2024-25\web\school_OOP\app\Routing\Router.php:84
Stack trace:
#0 C:\Users\koloz\Documents\Files\Iskola\2024-25\web\school_OOP\app\Routing\Router.php(56): App\Routing\Router->notFound()
#1 C:\Users\koloz\Documents\Files\Iskola\2024-25\web\school_OOP\app\Routing\Router.php(29): App\Routing\Router->handleGetRequests('/fontawesome/cs...')
#2 C:\Users\koloz\Documents\Files\Iskola\2024-25\web\school_OOP\app\Routing\Router.php(22): App\Routing\Router->dispatch('GET', '/fontawesome/cs...')
#3 C:\Users\koloz\Documents\Files\Iskola\2024-25\web\school_OOP\Public\index.php(11): App\Routing\Router->handle()
#4 {main}
  thrown in C:\Users\koloz\Documents\Files\Iskola\2024-25\web\school_OOP\app\Routing\Router.php on line 84
[09-Apr-2025 11:41:10 UTC] could not find driver
[09-Apr-2025 11:41:10 UTC] PHP Fatal error:  Uncaught RuntimeException: Database connection error in C:\Users\koloz\Documents\Files\Iskola\2024-25\web\school_OOP\app\Database\Database.php:38
Stack trace:
#0 C:\Users\koloz\Documents\Files\Iskola\2024-25\web\school_OOP\app\Database\Database.php(45): App\Database\Database->__construct(Array)
#1 C:\Users\koloz\Documents\Files\Iskola\2024-25\web\school_OOP\app\Models\Model.php(16): App\Database\Database::getInstance()
#2 C:\Users\koloz\Documents\Files\Iskola\2024-25\web\school_OOP\app\Models\Subject.php(12): App\Models\Model->__construct()
#3 C:\Users\koloz\Documents\Files\Iskola\2024-25\web\school_OOP\app\Controllers\SubjectController.php(10): App\Models\Subject->__construct()
#4 C:\Users\koloz\Documents\Files\Iskola\2024-25\web\school_OOP\app\Routing\Router.php(52): App\Controllers\SubjectController->__construct()
#5 C:\Users\koloz\Documents\Files\Iskola\2024-25\web\school_OOP\app\Routing\Router.php(29): App\Routing\Router->handleGetRequests('/subjects')
#6 C:\Users\koloz\Documents\Files\Iskola\2024-25\web\school_OOP\app\Routing\Router.php(22): App\Routing\Router->dispatch('GET', '/subjects')
#7 C:\Users\koloz\Documents\Files\Iskola\2024-25\web\school_OOP\Public\index.php(11): App\Routing\Router->handle()
#8 {main}
  thrown in C:\Users\koloz\Documents\Files\Iskola\2024-25\web\school_OOP\app\Database\Database.php on line 38
[09-Apr-2025 11:41:12 UTC] could not find driver
[09-Apr-2025 11:41:12 UTC] PHP Fatal error:  Uncaught RuntimeException: Database connection error in C:\Users\koloz\Documents\Files\Iskola\2024-25\web\school_OOP\app\Database\Database.php:38
Stack trace:
#0 C:\Users\koloz\Documents\Files\Iskola\2024-25\web\school_OOP\app\Database\Database.php(45): App\Database\Database->__construct(Array)
#1 C:\Users\koloz\Documents\Files\Iskola\2024-25\web\school_OOP\app\Models\Model.php(16): App\Database\Database::getInstance()
#2 C:\Users\koloz\Documents\Files\Iskola\2024-25\web\school_OOP\app\Models\Subject.php(12): App\Models\Model->__construct()
#3 C:\Users\koloz\Documents\Files\Iskola\2024-25\web\school_OOP\app\Controllers\SubjectController.php(10): App\Models\Subject->__construct()
#4 C:\Users\koloz\Documents\Files\Iskola\2024-25\web\school_OOP\app\Routing\Router.php(52): App\Controllers\SubjectController->__construct()
#5 C:\Users\koloz\Documents\Files\Iskola\2024-25\web\school_OOP\app\Routing\Router.php(29): App\Routing\Router->handleGetRequests('/subjects')
#6 C:\Users\koloz\Documents\Files\Iskola\2024-25\web\school_OOP\app\Routing\Router.php(22): App\Routing\Router->dispatch('GET', '/subjects')
#7 C:\Users\koloz\Documents\Files\Iskola\2024-25\web\school_OOP\Public\index.php(11): App\Routing\Router->handle()
#8 {main}
  thrown in C:\Users\koloz\Documents\Files\Iskola\2024-25\web\school_OOP\app\Database\Database.php on line 38
[09-Apr-2025 11:41:27 UTC] PHP Fatal error:  Uncaught Error: Class "App\Views\Display" not found in C:\Users\koloz\Documents\Files\Iskola\2024-25\web\school_OOP\app\Routing\Router.php:84
Stack trace:
#0 C:\Users\koloz\Documents\Files\Iskola\2024-25\web\school_OOP\app\Routing\Router.php(56): App\Routing\Router->notFound()
#1 C:\Users\koloz\Documents\Files\Iskola\2024-25\web\school_OOP\app\Routing\Router.php(29): App\Routing\Router->handleGetRequests('/css/school.css')
#2 C:\Users\koloz\Documents\Files\Iskola\2024-25\web\school_OOP\app\Routing\Router.php(22): App\Routing\Router->dispatch('GET', '/css/school.css')
#3 C:\Users\koloz\Documents\Files\Iskola\2024-25\web\school_OOP\Public\index.php(11): App\Routing\Router->handle()
#4 {main}
  thrown in C:\Users\koloz\Documents\Files\Iskola\2024-25\web\school_OOP\app\Routing\Router.php on line 84
[09-Apr-2025 11:41:27 UTC] PHP Fatal error:  Uncaught Error: Class "App\Views\Display" not found in C:\Users\koloz\Documents\Files\Iskola\2024-25\web\school_OOP\app\Routing\Router.php:84
Stack trace:
#0 C:\Users\koloz\Documents\Files\Iskola\2024-25\web\school_OOP\app\Routing\Router.php(56): App\Routing\Router->notFound()
#1 C:\Users\koloz\Documents\Files\Iskola\2024-25\web\school_OOP\app\Routing\Router.php(29): App\Routing\Router->handleGetRequests('/fontawesome/cs...')
#2 C:\Users\koloz\Documents\Files\Iskola\2024-25\web\school_OOP\app\Routing\Router.php(22): App\Routing\Router->dispatch('GET', '/fontawesome/cs...')
#3 C:\Users\koloz\Documents\Files\Iskola\2024-25\web\school_OOP\Public\index.php(11): App\Routing\Router->handle()
#4 {main}
  thrown in C:\Users\koloz\Documents\Files\Iskola\2024-25\web\school_OOP\app\Routing\Router.php on line 84
[09-Apr-2025 11:41:28 UTC] could not find driver
[09-Apr-2025 11:41:28 UTC] PHP Fatal error:  Uncaught RuntimeException: Database connection error in C:\Users\koloz\Documents\Files\Iskola\2024-25\web\school_OOP\app\Database\Database.php:38
Stack trace:
#0 C:\Users\koloz\Documents\Files\Iskola\2024-25\web\school_OOP\app\Database\Database.php(45): App\Database\Database->__construct(Array)
#1 C:\Users\koloz\Documents\Files\Iskola\2024-25\web\school_OOP\app\Models\Model.php(16): App\Database\Database::getInstance()
#2 C:\Users\koloz\Documents\Files\Iskola\2024-25\web\school_OOP\app\Models\Subject.php(12): App\Models\Model->__construct()
#3 C:\Users\koloz\Documents\Files\Iskola\2024-25\web\school_OOP\app\Controllers\SubjectController.php(10): App\Models\Subject->__construct()
#4 C:\Users\koloz\Documents\Files\Iskola\2024-25\web\school_OOP\app\Routing\Router.php(52): App\Controllers\SubjectController->__construct()
#5 C:\Users\koloz\Documents\Files\Iskola\2024-25\web\school_OOP\app\Routing\Router.php(29): App\Routing\Router->handleGetRequests('/subjects')
#6 C:\Users\koloz\Documents\Files\Iskola\2024-25\web\school_OOP\app\Routing\Router.php(22): App\Routing\Router->dispatch('GET', '/subjects')
#7 C:\Users\koloz\Documents\Files\Iskola\2024-25\web\school_OOP\Public\index.php(11): App\Routing\Router->handle()
#8 {main}
  thrown in C:\Users\koloz\Documents\Files\Iskola\2024-25\web\school_OOP\app\Database\Database.php on line 38
[09-Apr-2025 11:41:31 UTC] PHP Fatal error:  Uncaught Error: Class "App\Views\Display" not found in C:\Users\koloz\Documents\Files\Iskola\2024-25\web\school_OOP\app\Routing\Router.php:84
Stack trace:
#0 C:\Users\koloz\Documents\Files\Iskola\2024-25\web\school_OOP\app\Routing\Router.php(56): App\Routing\Router->notFound()
#1 C:\Users\koloz\Documents\Files\Iskola\2024-25\web\school_OOP\app\Routing\Router.php(29): App\Routing\Router->handleGetRequests('/css/school.css')
#2 C:\Users\koloz\Documents\Files\Iskola\2024-25\web\school_OOP\app\Routing\Router.php(22): App\Routing\Router->dispatch('GET', '/css/school.css')
#3 C:\Users\koloz\Documents\Files\Iskola\2024-25\web\school_OOP\Public\index.php(11): App\Routing\Router->handle()
#4 {main}
  thrown in C:\Users\koloz\Documents\Files\Iskola\2024-25\web\school_OOP\app\Routing\Router.php on line 84
[09-Apr-2025 11:41:31 UTC] PHP Fatal error:  Uncaught Error: Class "App\Views\Display" not found in C:\Users\koloz\Documents\Files\Iskola\2024-25\web\school_OOP\app\Routing\Router.php:84
Stack trace:
#0 C:\Users\koloz\Documents\Files\Iskola\2024-25\web\school_OOP\app\Routing\Router.php(56): App\Routing\Router->notFound()
#1 C:\Users\koloz\Documents\Files\Iskola\2024-25\web\school_OOP\app\Routing\Router.php(29): App\Routing\Router->handleGetRequests('/fontawesome/cs...')
#2 C:\Users\koloz\Documents\Files\Iskola\2024-25\web\school_OOP\app\Routing\Router.php(22): App\Routing\Router->dispatch('GET', '/fontawesome/cs...')
#3 C:\Users\koloz\Documents\Files\Iskola\2024-25\web\school_OOP\Public\index.php(11): App\Routing\Router->handle()
#4 {main}
  thrown in C:\Users\koloz\Documents\Files\Iskola\2024-25\web\school_OOP\app\Routing\Router.php on line 84
[09-Apr-2025 11:41:31 UTC] PHP Fatal error:  Uncaught Error: Class "App\Views\Display" not found in C:\Users\koloz\Documents\Files\Iskola\2024-25\web\school_OOP\app\Routing\Router.php:84
Stack trace:
#0 C:\Users\koloz\Documents\Files\Iskola\2024-25\web\school_OOP\app\Routing\Router.php(56): App\Routing\Router->notFound()
#1 C:\Users\koloz\Documents\Files\Iskola\2024-25\web\school_OOP\app\Routing\Router.php(29): App\Routing\Router->handleGetRequests('/favicon.ico')
#2 C:\Users\koloz\Documents\Files\Iskola\2024-25\web\school_OOP\app\Routing\Router.php(22): App\Routing\Router->dispatch('GET', '/favicon.ico')
#3 C:\Users\koloz\Documents\Files\Iskola\2024-25\web\school_OOP\Public\index.php(11): App\Routing\Router->handle()
#4 {main}
  thrown in C:\Users\koloz\Documents\Files\Iskola\2024-25\web\school_OOP\app\Routing\Router.php on line 84
[09-Apr-2025 11:41:32 UTC] could not find driver
[09-Apr-2025 11:41:32 UTC] PHP Fatal error:  Uncaught RuntimeException: Database connection error in C:\Users\koloz\Documents\Files\Iskola\2024-25\web\school_OOP\app\Database\Database.php:38
Stack trace:
#0 C:\Users\koloz\Documents\Files\Iskola\2024-25\web\school_OOP\app\Database\Database.php(45): App\Database\Database->__construct(Array)
#1 C:\Users\koloz\Documents\Files\Iskola\2024-25\web\school_OOP\app\Models\Model.php(16): App\Database\Database::getInstance()
#2 C:\Users\koloz\Documents\Files\Iskola\2024-25\web\school_OOP\app\Models\Subject.php(12): App\Models\Model->__construct()
#3 C:\Users\koloz\Documents\Files\Iskola\2024-25\web\school_OOP\app\Controllers\SubjectController.php(10): App\Models\Subject->__construct()
#4 C:\Users\koloz\Documents\Files\Iskola\2024-25\web\school_OOP\app\Routing\Router.php(52): App\Controllers\SubjectController->__construct()
#5 C:\Users\koloz\Documents\Files\Iskola\2024-25\web\school_OOP\app\Routing\Router.php(29): App\Routing\Router->handleGetRequests('/subjects')
#6 C:\Users\koloz\Documents\Files\Iskola\2024-25\web\school_OOP\app\Routing\Router.php(22): App\Routing\Router->dispatch('GET', '/subjects')
#7 C:\Users\koloz\Documents\Files\Iskola\2024-25\web\school_OOP\Public\index.php(11): App\Routing\Router->handle()
#8 {main}
  thrown in C:\Users\koloz\Documents\Files\Iskola\2024-25\web\school_OOP\app\Database\Database.php on line 38
[09-Apr-2025 11:44:28 UTC] could not find driver
[09-Apr-2025 11:44:28 UTC] PHP Fatal error:  Uncaught RuntimeException: Database connection error in C:\Users\koloz\Documents\Files\Iskola\2024-25\web\school_OOP\app\Database\Database.php:38
Stack trace:
#0 C:\Users\koloz\Documents\Files\Iskola\2024-25\web\school_OOP\app\Database\Database.php(45): App\Database\Database->__construct(Array)
#1 C:\Users\koloz\Documents\Files\Iskola\2024-25\web\school_OOP\app\Models\Model.php(16): App\Database\Database::getInstance()
#2 C:\Users\koloz\Documents\Files\Iskola\2024-25\web\school_OOP\app\Models\Subject.php(12): App\Models\Model->__construct()
#3 C:\Users\koloz\Documents\Files\Iskola\2024-25\web\school_OOP\app\Controllers\SubjectController.php(10): App\Models\Subject->__construct()
#4 C:\Users\koloz\Documents\Files\Iskola\2024-25\web\school_OOP\app\Routing\Router.php(52): App\Controllers\SubjectController->__construct()
#5 C:\Users\koloz\Documents\Files\Iskola\2024-25\web\school_OOP\app\Routing\Router.php(29): App\Routing\Router->handleGetRequests('/subjects')
#6 C:\Users\koloz\Documents\Files\Iskola\2024-25\web\school_OOP\app\Routing\Router.php(22): App\Routing\Router->dispatch('GET', '/subjects')
#7 C:\Users\koloz\Documents\Files\Iskola\2024-25\web\school_OOP\Public\index.php(11): App\Routing\Router->handle()
#8 {main}
  thrown in C:\Users\koloz\Documents\Files\Iskola\2024-25\web\school_OOP\app\Database\Database.php on line 38
[09-Apr-2025 11:46:47 UTC] could not find driver
[09-Apr-2025 11:46:47 UTC] PHP Fatal error:  Uncaught RuntimeException: Database connection error in C:\Users\koloz\Documents\Files\Iskola\2024-25\web\school_OOP\app\Database\Database.php:38
Stack trace:
#0 C:\Users\koloz\Documents\Files\Iskola\2024-25\web\school_OOP\app\Database\Database.php(45): App\Database\Database->__construct(Array)
#1 C:\Users\koloz\Documents\Files\Iskola\2024-25\web\school_OOP\app\Models\Model.php(16): App\Database\Database::getInstance()
#2 C:\Users\koloz\Documents\Files\Iskola\2024-25\web\school_OOP\app\Models\Subject.php(12): App\Models\Model->__construct()
#3 C:\Users\koloz\Documents\Files\Iskola\2024-25\web\school_OOP\app\Controllers\SubjectController.php(10): App\Models\Subject->__construct()
#4 C:\Users\koloz\Documents\Files\Iskola\2024-25\web\school_OOP\app\Routing\Router.php(52): App\Controllers\SubjectController->__construct()
#5 C:\Users\koloz\Documents\Files\Iskola\2024-25\web\school_OOP\app\Routing\Router.php(29): App\Routing\Router->handleGetRequests('/subjects')
#6 C:\Users\koloz\Documents\Files\Iskola\2024-25\web\school_OOP\app\Routing\Router.php(22): App\Routing\Router->dispatch('GET', '/subjects')
#7 C:\Users\koloz\Documents\Files\Iskola\2024-25\web\school_OOP\Public\index.php(11): App\Routing\Router->handle()
#8 {main}
  thrown in C:\Users\koloz\Documents\Files\Iskola\2024-25\web\school_OOP\app\Database\Database.php on line 38
[09-Apr-2025 11:46:47 UTC] PHP Fatal error:  Uncaught Error: Class "App\Views\Display" not found in C:\Users\koloz\Documents\Files\Iskola\2024-25\web\school_OOP\app\Routing\Router.php:84
Stack trace:
#0 C:\Users\koloz\Documents\Files\Iskola\2024-25\web\school_OOP\app\Routing\Router.php(56): App\Routing\Router->notFound()
#1 C:\Users\koloz\Documents\Files\Iskola\2024-25\web\school_OOP\app\Routing\Router.php(29): App\Routing\Router->handleGetRequests('/favicon.ico')
#2 C:\Users\koloz\Documents\Files\Iskola\2024-25\web\school_OOP\app\Routing\Router.php(22): App\Routing\Router->dispatch('GET', '/favicon.ico')
#3 C:\Users\koloz\Documents\Files\Iskola\2024-25\web\school_OOP\Public\index.php(11): App\Routing\Router->handle()
#4 {main}
  thrown in C:\Users\koloz\Documents\Files\Iskola\2024-25\web\school_OOP\app\Routing\Router.php on line 84
[09-Apr-2025 11:46:48 UTC] could not find driver
[09-Apr-2025 11:46:48 UTC] PHP Fatal error:  Uncaught RuntimeException: Database connection error in C:\Users\koloz\Documents\Files\Iskola\2024-25\web\school_OOP\app\Database\Database.php:38
Stack trace:
#0 C:\Users\koloz\Documents\Files\Iskola\2024-25\web\school_OOP\app\Database\Database.php(45): App\Database\Database->__construct(Array)
#1 C:\Users\koloz\Documents\Files\Iskola\2024-25\web\school_OOP\app\Models\Model.php(16): App\Database\Database::getInstance()
#2 C:\Users\koloz\Documents\Files\Iskola\2024-25\web\school_OOP\app\Models\Subject.php(12): App\Models\Model->__construct()
#3 C:\Users\koloz\Documents\Files\Iskola\2024-25\web\school_OOP\app\Controllers\SubjectController.php(10): App\Models\Subject->__construct()
#4 C:\Users\koloz\Documents\Files\Iskola\2024-25\web\school_OOP\app\Routing\Router.php(52): App\Controllers\SubjectController->__construct()
#5 C:\Users\koloz\Documents\Files\Iskola\2024-25\web\school_OOP\app\Routing\Router.php(29): App\Routing\Router->handleGetRequests('/subjects')
#6 C:\Users\koloz\Documents\Files\Iskola\2024-25\web\school_OOP\app\Routing\Router.php(22): App\Routing\Router->dispatch('GET', '/subjects')
#7 C:\Users\koloz\Documents\Files\Iskola\2024-25\web\school_OOP\Public\index.php(11): App\Routing\Router->handle()
#8 {main}
  thrown in C:\Users\koloz\Documents\Files\Iskola\2024-25\web\school_OOP\app\Database\Database.php on line 38
[09-Apr-2025 11:46:49 UTC] PHP Fatal error:  Uncaught Error: Class "App\Views\Display" not found in C:\Users\koloz\Documents\Files\Iskola\2024-25\web\school_OOP\app\Routing\Router.php:84
Stack trace:
#0 C:\Users\koloz\Documents\Files\Iskola\2024-25\web\school_OOP\app\Routing\Router.php(56): App\Routing\Router->notFound()
#1 C:\Users\koloz\Documents\Files\Iskola\2024-25\web\school_OOP\app\Routing\Router.php(29): App\Routing\Router->handleGetRequests('/css/school.css')
#2 C:\Users\koloz\Documents\Files\Iskola\2024-25\web\school_OOP\app\Routing\Router.php(22): App\Routing\Router->dispatch('GET', '/css/school.css')
#3 C:\Users\koloz\Documents\Files\Iskola\2024-25\web\school_OOP\Public\index.php(11): App\Routing\Router->handle()
#4 {main}
  thrown in C:\Users\koloz\Documents\Files\Iskola\2024-25\web\school_OOP\app\Routing\Router.php on line 84
[09-Apr-2025 11:46:49 UTC] PHP Fatal error:  Uncaught Error: Class "App\Views\Display" not found in C:\Users\koloz\Documents\Files\Iskola\2024-25\web\school_OOP\app\Routing\Router.php:84
Stack trace:
#0 C:\Users\koloz\Documents\Files\Iskola\2024-25\web\school_OOP\app\Routing\Router.php(56): App\Routing\Router->notFound()
#1 C:\Users\koloz\Documents\Files\Iskola\2024-25\web\school_OOP\app\Routing\Router.php(29): App\Routing\Router->handleGetRequests('/fontawesome/cs...')
#2 C:\Users\koloz\Documents\Files\Iskola\2024-25\web\school_OOP\app\Routing\Router.php(22): App\Routing\Router->dispatch('GET', '/fontawesome/cs...')
#3 C:\Users\koloz\Documents\Files\Iskola\2024-25\web\school_OOP\Public\index.php(11): App\Routing\Router->handle()
#4 {main}
  thrown in C:\Users\koloz\Documents\Files\Iskola\2024-25\web\school_OOP\app\Routing\Router.php on line 84
[09-Apr-2025 11:46:49 UTC] PHP Fatal error:  Uncaught Error: Class "App\Views\Display" not found in C:\Users\koloz\Documents\Files\Iskola\2024-25\web\school_OOP\app\Routing\Router.php:84
Stack trace:
#0 C:\Users\koloz\Documents\Files\Iskola\2024-25\web\school_OOP\app\Routing\Router.php(56): App\Routing\Router->notFound()
#1 C:\Users\koloz\Documents\Files\Iskola\2024-25\web\school_OOP\app\Routing\Router.php(29): App\Routing\Router->handleGetRequests('/css/school.css')
#2 C:\Users\koloz\Documents\Files\Iskola\2024-25\web\school_OOP\app\Routing\Router.php(22): App\Routing\Router->dispatch('GET', '/css/school.css')
#3 C:\Users\koloz\Documents\Files\Iskola\2024-25\web\school_OOP\Public\index.php(11): App\Routing\Router->handle()
#4 {main}
  thrown in C:\Users\koloz\Documents\Files\Iskola\2024-25\web\school_OOP\app\Routing\Router.php on line 84
[09-Apr-2025 11:46:49 UTC] PHP Fatal error:  Uncaught Error: Class "App\Views\Display" not found in C:\Users\koloz\Documents\Files\Iskola\2024-25\web\school_OOP\app\Routing\Router.php:84
Stack trace:
#0 C:\Users\koloz\Documents\Files\Iskola\2024-25\web\school_OOP\app\Routing\Router.php(56): App\Routing\Router->notFound()
#1 C:\Users\koloz\Documents\Files\Iskola\2024-25\web\school_OOP\app\Routing\Router.php(29): App\Routing\Router->handleGetRequests('/fontawesome/cs...')
#2 C:\Users\koloz\Documents\Files\Iskola\2024-25\web\school_OOP\app\Routing\Router.php(22): App\Routing\Router->dispatch('GET', '/fontawesome/cs...')
#3 C:\Users\koloz\Documents\Files\Iskola\2024-25\web\school_OOP\Public\index.php(11): App\Routing\Router->handle()
#4 {main}
  thrown in C:\Users\koloz\Documents\Files\Iskola\2024-25\web\school_OOP\app\Routing\Router.php on line 84
[09-Apr-2025 11:46:50 UTC] PHP Fatal error:  Uncaught Error: Class "App\Views\Display" not found in C:\Users\koloz\Documents\Files\Iskola\2024-25\web\school_OOP\app\Routing\Router.php:84
Stack trace:
#0 C:\Users\koloz\Documents\Files\Iskola\2024-25\web\school_OOP\app\Routing\Router.php(56): App\Routing\Router->notFound()
#1 C:\Users\koloz\Documents\Files\Iskola\2024-25\web\school_OOP\app\Routing\Router.php(29): App\Routing\Router->handleGetRequests('/css/school.css')
#2 C:\Users\koloz\Documents\Files\Iskola\2024-25\web\school_OOP\app\Routing\Router.php(22): App\Routing\Router->dispatch('GET', '/css/school.css')
#3 C:\Users\koloz\Documents\Files\Iskola\2024-25\web\school_OOP\Public\index.php(11): App\Routing\Router->handle()
#4 {main}
  thrown in C:\Users\koloz\Documents\Files\Iskola\2024-25\web\school_OOP\app\Routing\Router.php on line 84
[09-Apr-2025 11:46:50 UTC] PHP Fatal error:  Uncaught Error: Class "App\Views\Display" not found in C:\Users\koloz\Documents\Files\Iskola\2024-25\web\school_OOP\app\Routing\Router.php:84
Stack trace:
#0 C:\Users\koloz\Documents\Files\Iskola\2024-25\web\school_OOP\app\Routing\Router.php(56): App\Routing\Router->notFound()
#1 C:\Users\koloz\Documents\Files\Iskola\2024-25\web\school_OOP\app\Routing\Router.php(29): App\Routing\Router->handleGetRequests('/fontawesome/cs...')
#2 C:\Users\koloz\Documents\Files\Iskola\2024-25\web\school_OOP\app\Routing\Router.php(22): App\Routing\Router->dispatch('GET', '/fontawesome/cs...')
#3 C:\Users\koloz\Documents\Files\Iskola\2024-25\web\school_OOP\Public\index.php(11): App\Routing\Router->handle()
#4 {main}
  thrown in C:\Users\koloz\Documents\Files\Iskola\2024-25\web\school_OOP\app\Routing\Router.php on line 84
[09-Apr-2025 11:46:50 UTC] PHP Fatal error:  Uncaught Error: Class "App\Views\Display" not found in C:\Users\koloz\Documents\Files\Iskola\2024-25\web\school_OOP\app\Routing\Router.php:84
Stack trace:
#0 C:\Users\koloz\Documents\Files\Iskola\2024-25\web\school_OOP\app\Routing\Router.php(56): App\Routing\Router->notFound()
#1 C:\Users\koloz\Documents\Files\Iskola\2024-25\web\school_OOP\app\Routing\Router.php(29): App\Routing\Router->handleGetRequests('/css/school.css')
#2 C:\Users\koloz\Documents\Files\Iskola\2024-25\web\school_OOP\app\Routing\Router.php(22): App\Routing\Router->dispatch('GET', '/css/school.css')
#3 C:\Users\koloz\Documents\Files\Iskola\2024-25\web\school_OOP\Public\index.php(11): App\Routing\Router->handle()
#4 {main}
  thrown in C:\Users\koloz\Documents\Files\Iskola\2024-25\web\school_OOP\app\Routing\Router.php on line 84
[09-Apr-2025 11:46:50 UTC] PHP Fatal error:  Uncaught Error: Class "App\Views\Display" not found in C:\Users\koloz\Documents\Files\Iskola\2024-25\web\school_OOP\app\Routing\Router.php:84
Stack trace:
#0 C:\Users\koloz\Documents\Files\Iskola\2024-25\web\school_OOP\app\Routing\Router.php(56): App\Routing\Router->notFound()
#1 C:\Users\koloz\Documents\Files\Iskola\2024-25\web\school_OOP\app\Routing\Router.php(29): App\Routing\Router->handleGetRequests('/fontawesome/cs...')
#2 C:\Users\koloz\Documents\Files\Iskola\2024-25\web\school_OOP\app\Routing\Router.php(22): App\Routing\Router->dispatch('GET', '/fontawesome/cs...')
#3 C:\Users\koloz\Documents\Files\Iskola\2024-25\web\school_OOP\Public\index.php(11): App\Routing\Router->handle()
#4 {main}
  thrown in C:\Users\koloz\Documents\Files\Iskola\2024-25\web\school_OOP\app\Routing\Router.php on line 84
[09-Apr-2025 11:46:50 UTC] PHP Fatal error:  Uncaught Error: Class "App\Views\Display" not found in C:\Users\koloz\Documents\Files\Iskola\2024-25\web\school_OOP\app\Routing\Router.php:84
Stack trace:
#0 C:\Users\koloz\Documents\Files\Iskola\2024-25\web\school_OOP\app\Routing\Router.php(56): App\Routing\Router->notFound()
#1 C:\Users\koloz\Documents\Files\Iskola\2024-25\web\school_OOP\app\Routing\Router.php(29): App\Routing\Router->handleGetRequests('/css/school.css')
#2 C:\Users\koloz\Documents\Files\Iskola\2024-25\web\school_OOP\app\Routing\Router.php(22): App\Routing\Router->dispatch('GET', '/css/school.css')
#3 C:\Users\koloz\Documents\Files\Iskola\2024-25\web\school_OOP\Public\index.php(11): App\Routing\Router->handle()
#4 {main}
  thrown in C:\Users\koloz\Documents\Files\Iskola\2024-25\web\school_OOP\app\Routing\Router.php on line 84
[09-Apr-2025 11:46:50 UTC] PHP Fatal error:  Uncaught Error: Class "App\Views\Display" not found in C:\Users\koloz\Documents\Files\Iskola\2024-25\web\school_OOP\app\Routing\Router.php:84
Stack trace:
#0 C:\Users\koloz\Documents\Files\Iskola\2024-25\web\school_OOP\app\Routing\Router.php(56): App\Routing\Router->notFound()
#1 C:\Users\koloz\Documents\Files\Iskola\2024-25\web\school_OOP\app\Routing\Router.php(29): App\Routing\Router->handleGetRequests('/fontawesome/cs...')
#2 C:\Users\koloz\Documents\Files\Iskola\2024-25\web\school_OOP\app\Routing\Router.php(22): App\Routing\Router->dispatch('GET', '/fontawesome/cs...')
#3 C:\Users\koloz\Documents\Files\Iskola\2024-25\web\school_OOP\Public\index.php(11): App\Routing\Router->handle()
#4 {main}
  thrown in C:\Users\koloz\Documents\Files\Iskola\2024-25\web\school_OOP\app\Routing\Router.php on line 84
[09-Apr-2025 11:46:51 UTC] could not find driver
[09-Apr-2025 11:46:51 UTC] PHP Fatal error:  Uncaught RuntimeException: Database connection error in C:\Users\koloz\Documents\Files\Iskola\2024-25\web\school_OOP\app\Database\Database.php:38
Stack trace:
#0 C:\Users\koloz\Documents\Files\Iskola\2024-25\web\school_OOP\app\Database\Database.php(45): App\Database\Database->__construct(Array)
#1 C:\Users\koloz\Documents\Files\Iskola\2024-25\web\school_OOP\app\Models\Model.php(16): App\Database\Database::getInstance()
#2 C:\Users\koloz\Documents\Files\Iskola\2024-25\web\school_OOP\app\Models\Subject.php(12): App\Models\Model->__construct()
#3 C:\Users\koloz\Documents\Files\Iskola\2024-25\web\school_OOP\app\Controllers\SubjectController.php(10): App\Models\Subject->__construct()
#4 C:\Users\koloz\Documents\Files\Iskola\2024-25\web\school_OOP\app\Routing\Router.php(52): App\Controllers\SubjectController->__construct()
#5 C:\Users\koloz\Documents\Files\Iskola\2024-25\web\school_OOP\app\Routing\Router.php(29): App\Routing\Router->handleGetRequests('/subjects')
#6 C:\Users\koloz\Documents\Files\Iskola\2024-25\web\school_OOP\app\Routing\Router.php(22): App\Routing\Router->dispatch('GET', '/subjects')
#7 C:\Users\koloz\Documents\Files\Iskola\2024-25\web\school_OOP\Public\index.php(11): App\Routing\Router->handle()
#8 {main}
  thrown in C:\Users\koloz\Documents\Files\Iskola\2024-25\web\school_OOP\app\Database\Database.php on line 38
[09-Apr-2025 11:48:04 UTC] PHP Fatal error:  Uncaught Error: Class "App\Views\Display" not found in C:\Users\koloz\Documents\Files\Iskola\2024-25\web\school_OOP\app\Routing\Router.php:84
Stack trace:
#0 C:\Users\koloz\Documents\Files\Iskola\2024-25\web\school_OOP\app\Routing\Router.php(56): App\Routing\Router->notFound()
#1 C:\Users\koloz\Documents\Files\Iskola\2024-25\web\school_OOP\app\Routing\Router.php(29): App\Routing\Router->handleGetRequests('/css/school.css')
#2 C:\Users\koloz\Documents\Files\Iskola\2024-25\web\school_OOP\app\Routing\Router.php(22): App\Routing\Router->dispatch('GET', '/css/school.css')
#3 C:\Users\koloz\Documents\Files\Iskola\2024-25\web\school_OOP\Public\index.php(11): App\Routing\Router->handle()
#4 {main}
  thrown in C:\Users\koloz\Documents\Files\Iskola\2024-25\web\school_OOP\app\Routing\Router.php on line 84
[09-Apr-2025 11:48:04 UTC] PHP Fatal error:  Uncaught Error: Class "App\Views\Display" not found in C:\Users\koloz\Documents\Files\Iskola\2024-25\web\school_OOP\app\Routing\Router.php:84
Stack trace:
#0 C:\Users\koloz\Documents\Files\Iskola\2024-25\web\school_OOP\app\Routing\Router.php(56): App\Routing\Router->notFound()
#1 C:\Users\koloz\Documents\Files\Iskola\2024-25\web\school_OOP\app\Routing\Router.php(29): App\Routing\Router->handleGetRequests('/fontawesome/cs...')
#2 C:\Users\koloz\Documents\Files\Iskola\2024-25\web\school_OOP\app\Routing\Router.php(22): App\Routing\Router->dispatch('GET', '/fontawesome/cs...')
#3 C:\Users\koloz\Documents\Files\Iskola\2024-25\web\school_OOP\Public\index.php(11): App\Routing\Router->handle()
#4 {main}
  thrown in C:\Users\koloz\Documents\Files\Iskola\2024-25\web\school_OOP\app\Routing\Router.php on line 84
[09-Apr-2025 11:48:05 UTC] could not find driver
[09-Apr-2025 11:48:05 UTC] PHP Fatal error:  Uncaught RuntimeException: Database connection error in C:\Users\koloz\Documents\Files\Iskola\2024-25\web\school_OOP\app\Database\Database.php:38
Stack trace:
#0 C:\Users\koloz\Documents\Files\Iskola\2024-25\web\school_OOP\app\Database\Database.php(45): App\Database\Database->__construct(Array)
#1 C:\Users\koloz\Documents\Files\Iskola\2024-25\web\school_OOP\app\Models\Model.php(16): App\Database\Database::getInstance()
#2 C:\Users\koloz\Documents\Files\Iskola\2024-25\web\school_OOP\app\Models\Subject.php(12): App\Models\Model->__construct()
#3 C:\Users\koloz\Documents\Files\Iskola\2024-25\web\school_OOP\app\Controllers\SubjectController.php(10): App\Models\Subject->__construct()
#4 C:\Users\koloz\Documents\Files\Iskola\2024-25\web\school_OOP\app\Routing\Router.php(52): App\Controllers\SubjectController->__construct()
#5 C:\Users\koloz\Documents\Files\Iskola\2024-25\web\school_OOP\app\Routing\Router.php(29): App\Routing\Router->handleGetRequests('/subjects')
#6 C:\Users\koloz\Documents\Files\Iskola\2024-25\web\school_OOP\app\Routing\Router.php(22): App\Routing\Router->dispatch('GET', '/subjects')
#7 C:\Users\koloz\Documents\Files\Iskola\2024-25\web\school_OOP\Public\index.php(11): App\Routing\Router->handle()
#8 {main}
  thrown in C:\Users\koloz\Documents\Files\Iskola\2024-25\web\school_OOP\app\Database\Database.php on line 38
[09-Apr-2025 11:52:43 UTC] could not find driver
[09-Apr-2025 11:52:43 UTC] PHP Fatal error:  Uncaught RuntimeException: Database connection error. in C:\Users\koloz\Documents\Files\Iskola\2024-25\web\school_OOP\app\Database\Database.php:36
Stack trace:
#0 C:\Users\koloz\Documents\Files\Iskola\2024-25\web\school_OOP\app\Database\Database.php(43): App\Database\Database->__construct(Array)
#1 C:\Users\koloz\Documents\Files\Iskola\2024-25\web\school_OOP\app\Models\Model.php(16): App\Database\Database::getInstance()
#2 C:\Users\koloz\Documents\Files\Iskola\2024-25\web\school_OOP\app\Models\Subject.php(12): App\Models\Model->__construct()
#3 C:\Users\koloz\Documents\Files\Iskola\2024-25\web\school_OOP\app\Controllers\SubjectController.php(10): App\Models\Subject->__construct()
#4 C:\Users\koloz\Documents\Files\Iskola\2024-25\web\school_OOP\app\Routing\Router.php(52): App\Controllers\SubjectController->__construct()
#5 C:\Users\koloz\Documents\Files\Iskola\2024-25\web\school_OOP\app\Routing\Router.php(29): App\Routing\Router->handleGetRequests('/subjects')
#6 C:\Users\koloz\Documents\Files\Iskola\2024-25\web\school_OOP\app\Routing\Router.php(22): App\Routing\Router->dispatch('GET', '/subjects')
#7 C:\Users\koloz\Documents\Files\Iskola\2024-25\web\school_OOP\Public\index.php(11): App\Routing\Router->handle()
#8 {main}
  thrown in C:\Users\koloz\Documents\Files\Iskola\2024-25\web\school_OOP\app\Database\Database.php on line 36
[09-Apr-2025 11:52:43 UTC] PHP Fatal error:  Uncaught Error: Class "App\Views\Display" not found in C:\Users\koloz\Documents\Files\Iskola\2024-25\web\school_OOP\app\Routing\Router.php:84
Stack trace:
#0 C:\Users\koloz\Documents\Files\Iskola\2024-25\web\school_OOP\app\Routing\Router.php(56): App\Routing\Router->notFound()
#1 C:\Users\koloz\Documents\Files\Iskola\2024-25\web\school_OOP\app\Routing\Router.php(29): App\Routing\Router->handleGetRequests('/favicon.ico')
#2 C:\Users\koloz\Documents\Files\Iskola\2024-25\web\school_OOP\app\Routing\Router.php(22): App\Routing\Router->dispatch('GET', '/favicon.ico')
#3 C:\Users\koloz\Documents\Files\Iskola\2024-25\web\school_OOP\Public\index.php(11): App\Routing\Router->handle()
#4 {main}
  thrown in C:\Users\koloz\Documents\Files\Iskola\2024-25\web\school_OOP\app\Routing\Router.php on line 84
[09-Apr-2025 11:52:44 UTC] could not find driver
[09-Apr-2025 11:52:44 UTC] PHP Fatal error:  Uncaught RuntimeException: Database connection error. in C:\Users\koloz\Documents\Files\Iskola\2024-25\web\school_OOP\app\Database\Database.php:36
Stack trace:
#0 C:\Users\koloz\Documents\Files\Iskola\2024-25\web\school_OOP\app\Database\Database.php(43): App\Database\Database->__construct(Array)
#1 C:\Users\koloz\Documents\Files\Iskola\2024-25\web\school_OOP\app\Models\Model.php(16): App\Database\Database::getInstance()
#2 C:\Users\koloz\Documents\Files\Iskola\2024-25\web\school_OOP\app\Models\Subject.php(12): App\Models\Model->__construct()
#3 C:\Users\koloz\Documents\Files\Iskola\2024-25\web\school_OOP\app\Controllers\SubjectController.php(10): App\Models\Subject->__construct()
#4 C:\Users\koloz\Documents\Files\Iskola\2024-25\web\school_OOP\app\Routing\Router.php(52): App\Controllers\SubjectController->__construct()
#5 C:\Users\koloz\Documents\Files\Iskola\2024-25\web\school_OOP\app\Routing\Router.php(29): App\Routing\Router->handleGetRequests('/subjects')
#6 C:\Users\koloz\Documents\Files\Iskola\2024-25\web\school_OOP\app\Routing\Router.php(22): App\Routing\Router->dispatch('GET', '/subjects')
#7 C:\Users\koloz\Documents\Files\Iskola\2024-25\web\school_OOP\Public\index.php(11): App\Routing\Router->handle()
#8 {main}
  thrown in C:\Users\koloz\Documents\Files\Iskola\2024-25\web\school_OOP\app\Database\Database.php on line 36
[09-Apr-2025 11:52:44 UTC] could not find driver
[09-Apr-2025 11:52:44 UTC] PHP Fatal error:  Uncaught RuntimeException: Database connection error. in C:\Users\koloz\Documents\Files\Iskola\2024-25\web\school_OOP\app\Database\Database.php:36
Stack trace:
#0 C:\Users\koloz\Documents\Files\Iskola\2024-25\web\school_OOP\app\Database\Database.php(43): App\Database\Database->__construct(Array)
#1 C:\Users\koloz\Documents\Files\Iskola\2024-25\web\school_OOP\app\Models\Model.php(16): App\Database\Database::getInstance()
#2 C:\Users\koloz\Documents\Files\Iskola\2024-25\web\school_OOP\app\Models\Subject.php(12): App\Models\Model->__construct()
#3 C:\Users\koloz\Documents\Files\Iskola\2024-25\web\school_OOP\app\Controllers\SubjectController.php(10): App\Models\Subject->__construct()
#4 C:\Users\koloz\Documents\Files\Iskola\2024-25\web\school_OOP\app\Routing\Router.php(52): App\Controllers\SubjectController->__construct()
#5 C:\Users\koloz\Documents\Files\Iskola\2024-25\web\school_OOP\app\Routing\Router.php(29): App\Routing\Router->handleGetRequests('/subjects')
#6 C:\Users\koloz\Documents\Files\Iskola\2024-25\web\school_OOP\app\Routing\Router.php(22): App\Routing\Router->dispatch('GET', '/subjects')
#7 C:\Users\koloz\Documents\Files\Iskola\2024-25\web\school_OOP\Public\index.php(11): App\Routing\Router->handle()
#8 {main}
  thrown in C:\Users\koloz\Documents\Files\Iskola\2024-25\web\school_OOP\app\Database\Database.php on line 36
[09-Apr-2025 11:52:44 UTC] could not find driver
[09-Apr-2025 11:52:44 UTC] PHP Fatal error:  Uncaught RuntimeException: Database connection error. in C:\Users\koloz\Documents\Files\Iskola\2024-25\web\school_OOP\app\Database\Database.php:36
Stack trace:
#0 C:\Users\koloz\Documents\Files\Iskola\2024-25\web\school_OOP\app\Database\Database.php(43): App\Database\Database->__construct(Array)
#1 C:\Users\koloz\Documents\Files\Iskola\2024-25\web\school_OOP\app\Models\Model.php(16): App\Database\Database::getInstance()
#2 C:\Users\koloz\Documents\Files\Iskola\2024-25\web\school_OOP\app\Models\Subject.php(12): App\Models\Model->__construct()
#3 C:\Users\koloz\Documents\Files\Iskola\2024-25\web\school_OOP\app\Controllers\SubjectController.php(10): App\Models\Subject->__construct()
#4 C:\Users\koloz\Documents\Files\Iskola\2024-25\web\school_OOP\app\Routing\Router.php(52): App\Controllers\SubjectController->__construct()
#5 C:\Users\koloz\Documents\Files\Iskola\2024-25\web\school_OOP\app\Routing\Router.php(29): App\Routing\Router->handleGetRequests('/subjects')
#6 C:\Users\koloz\Documents\Files\Iskola\2024-25\web\school_OOP\app\Routing\Router.php(22): App\Routing\Router->dispatch('GET', '/subjects')
#7 C:\Users\koloz\Documents\Files\Iskola\2024-25\web\school_OOP\Public\index.php(11): App\Routing\Router->handle()
#8 {main}
  thrown in C:\Users\koloz\Documents\Files\Iskola\2024-25\web\school_OOP\app\Database\Database.php on line 36
[09-Apr-2025 11:52:48 UTC] could not find driver
[09-Apr-2025 11:52:48 UTC] PHP Fatal error:  Uncaught RuntimeException: Database connection error. in C:\Users\koloz\Documents\Files\Iskola\2024-25\web\school_OOP\app\Database\Database.php:36
Stack trace:
#0 C:\Users\koloz\Documents\Files\Iskola\2024-25\web\school_OOP\app\Database\Database.php(43): App\Database\Database->__construct(Array)
#1 C:\Users\koloz\Documents\Files\Iskola\2024-25\web\school_OOP\app\Models\Model.php(16): App\Database\Database::getInstance()
#2 C:\Users\koloz\Documents\Files\Iskola\2024-25\web\school_OOP\app\Models\Subject.php(12): App\Models\Model->__construct()
#3 C:\Users\koloz\Documents\Files\Iskola\2024-25\web\school_OOP\app\Controllers\SubjectController.php(10): App\Models\Subject->__construct()
#4 C:\Users\koloz\Documents\Files\Iskola\2024-25\web\school_OOP\app\Routing\Router.php(52): App\Controllers\SubjectController->__construct()
#5 C:\Users\koloz\Documents\Files\Iskola\2024-25\web\school_OOP\app\Routing\Router.php(29): App\Routing\Router->handleGetRequests('/subjects')
#6 C:\Users\koloz\Documents\Files\Iskola\2024-25\web\school_OOP\app\Routing\Router.php(22): App\Routing\Router->dispatch('GET', '/subjects')
#7 C:\Users\koloz\Documents\Files\Iskola\2024-25\web\school_OOP\Public\index.php(11): App\Routing\Router->handle()
#8 {main}
  thrown in C:\Users\koloz\Documents\Files\Iskola\2024-25\web\school_OOP\app\Database\Database.php on line 36
[09-Apr-2025 11:52:48 UTC] could not find driver
[09-Apr-2025 11:52:48 UTC] PHP Fatal error:  Uncaught RuntimeException: Database connection error. in C:\Users\koloz\Documents\Files\Iskola\2024-25\web\school_OOP\app\Database\Database.php:36
Stack trace:
#0 C:\Users\koloz\Documents\Files\Iskola\2024-25\web\school_OOP\app\Database\Database.php(43): App\Database\Database->__construct(Array)
#1 C:\Users\koloz\Documents\Files\Iskola\2024-25\web\school_OOP\app\Models\Model.php(16): App\Database\Database::getInstance()
#2 C:\Users\koloz\Documents\Files\Iskola\2024-25\web\school_OOP\app\Models\Subject.php(12): App\Models\Model->__construct()
#3 C:\Users\koloz\Documents\Files\Iskola\2024-25\web\school_OOP\app\Controllers\SubjectController.php(10): App\Models\Subject->__construct()
#4 C:\Users\koloz\Documents\Files\Iskola\2024-25\web\school_OOP\app\Routing\Router.php(52): App\Controllers\SubjectController->__construct()
#5 C:\Users\koloz\Documents\Files\Iskola\2024-25\web\school_OOP\app\Routing\Router.php(29): App\Routing\Router->handleGetRequests('/subjects')
#6 C:\Users\koloz\Documents\Files\Iskola\2024-25\web\school_OOP\app\Routing\Router.php(22): App\Routing\Router->dispatch('GET', '/subjects')
#7 C:\Users\koloz\Documents\Files\Iskola\2024-25\web\school_OOP\Public\index.php(11): App\Routing\Router->handle()
#8 {main}
  thrown in C:\Users\koloz\Documents\Files\Iskola\2024-25\web\school_OOP\app\Database\Database.php on line 36
[09-Apr-2025 11:52:48 UTC] could not find driver
[09-Apr-2025 11:52:48 UTC] PHP Fatal error:  Uncaught RuntimeException: Database connection error. in C:\Users\koloz\Documents\Files\Iskola\2024-25\web\school_OOP\app\Database\Database.php:36
Stack trace:
#0 C:\Users\koloz\Documents\Files\Iskola\2024-25\web\school_OOP\app\Database\Database.php(43): App\Database\Database->__construct(Array)
#1 C:\Users\koloz\Documents\Files\Iskola\2024-25\web\school_OOP\app\Models\Model.php(16): App\Database\Database::getInstance()
#2 C:\Users\koloz\Documents\Files\Iskola\2024-25\web\school_OOP\app\Models\Subject.php(12): App\Models\Model->__construct()
#3 C:\Users\koloz\Documents\Files\Iskola\2024-25\web\school_OOP\app\Controllers\SubjectController.php(10): App\Models\Subject->__construct()
#4 C:\Users\koloz\Documents\Files\Iskola\2024-25\web\school_OOP\app\Routing\Router.php(52): App\Controllers\SubjectController->__construct()
#5 C:\Users\koloz\Documents\Files\Iskola\2024-25\web\school_OOP\app\Routing\Router.php(29): App\Routing\Router->handleGetRequests('/subjects')
#6 C:\Users\koloz\Documents\Files\Iskola\2024-25\web\school_OOP\app\Routing\Router.php(22): App\Routing\Router->dispatch('GET', '/subjects')
#7 C:\Users\koloz\Documents\Files\Iskola\2024-25\web\school_OOP\Public\index.php(11): App\Routing\Router->handle()
#8 {main}
  thrown in C:\Users\koloz\Documents\Files\Iskola\2024-25\web\school_OOP\app\Database\Database.php on line 36
[09-Apr-2025 11:52:48 UTC] could not find driver
[09-Apr-2025 11:52:48 UTC] PHP Fatal error:  Uncaught RuntimeException: Database connection error. in C:\Users\koloz\Documents\Files\Iskola\2024-25\web\school_OOP\app\Database\Database.php:36
Stack trace:
#0 C:\Users\koloz\Documents\Files\Iskola\2024-25\web\school_OOP\app\Database\Database.php(43): App\Database\Database->__construct(Array)
#1 C:\Users\koloz\Documents\Files\Iskola\2024-25\web\school_OOP\app\Models\Model.php(16): App\Database\Database::getInstance()
#2 C:\Users\koloz\Documents\Files\Iskola\2024-25\web\school_OOP\app\Models\Subject.php(12): App\Models\Model->__construct()
#3 C:\Users\koloz\Documents\Files\Iskola\2024-25\web\school_OOP\app\Controllers\SubjectController.php(10): App\Models\Subject->__construct()
#4 C:\Users\koloz\Documents\Files\Iskola\2024-25\web\school_OOP\app\Routing\Router.php(52): App\Controllers\SubjectController->__construct()
#5 C:\Users\koloz\Documents\Files\Iskola\2024-25\web\school_OOP\app\Routing\Router.php(29): App\Routing\Router->handleGetRequests('/subjects')
#6 C:\Users\koloz\Documents\Files\Iskola\2024-25\web\school_OOP\app\Routing\Router.php(22): App\Routing\Router->dispatch('GET', '/subjects')
#7 C:\Users\koloz\Documents\Files\Iskola\2024-25\web\school_OOP\Public\index.php(11): App\Routing\Router->handle()
#8 {main}
  thrown in C:\Users\koloz\Documents\Files\Iskola\2024-25\web\school_OOP\app\Database\Database.php on line 36
[09-Apr-2025 11:52:48 UTC] could not find driver
[09-Apr-2025 11:52:48 UTC] PHP Fatal error:  Uncaught RuntimeException: Database connection error. in C:\Users\koloz\Documents\Files\Iskola\2024-25\web\school_OOP\app\Database\Database.php:36
Stack trace:
#0 C:\Users\koloz\Documents\Files\Iskola\2024-25\web\school_OOP\app\Database\Database.php(43): App\Database\Database->__construct(Array)
#1 C:\Users\koloz\Documents\Files\Iskola\2024-25\web\school_OOP\app\Models\Model.php(16): App\Database\Database::getInstance()
#2 C:\Users\koloz\Documents\Files\Iskola\2024-25\web\school_OOP\app\Models\Subject.php(12): App\Models\Model->__construct()
#3 C:\Users\koloz\Documents\Files\Iskola\2024-25\web\school_OOP\app\Controllers\SubjectController.php(10): App\Models\Subject->__construct()
#4 C:\Users\koloz\Documents\Files\Iskola\2024-25\web\school_OOP\app\Routing\Router.php(52): App\Controllers\SubjectController->__construct()
#5 C:\Users\koloz\Documents\Files\Iskola\2024-25\web\school_OOP\app\Routing\Router.php(29): App\Routing\Router->handleGetRequests('/subjects')
#6 C:\Users\koloz\Documents\Files\Iskola\2024-25\web\school_OOP\app\Routing\Router.php(22): App\Routing\Router->dispatch('GET', '/subjects')
#7 C:\Users\koloz\Documents\Files\Iskola\2024-25\web\school_OOP\Public\index.php(11): App\Routing\Router->handle()
#8 {main}
  thrown in C:\Users\koloz\Documents\Files\Iskola\2024-25\web\school_OOP\app\Database\Database.php on line 36
[09-Apr-2025 12:03:17 UTC] could not find driver
[09-Apr-2025 12:03:17 UTC] PHP Fatal error:  Uncaught RuntimeException: Database connection error. in C:\Users\koloz\Documents\Files\Iskola\2024-25\web\school_OOP\app\Database\Database.php:36
Stack trace:
#0 C:\Users\koloz\Documents\Files\Iskola\2024-25\web\school_OOP\app\Database\Database.php(43): App\Database\Database->__construct(Array)
#1 C:\Users\koloz\Documents\Files\Iskola\2024-25\web\school_OOP\app\Models\Model.php(16): App\Database\Database::getInstance()
#2 C:\Users\koloz\Documents\Files\Iskola\2024-25\web\school_OOP\app\Models\Subject.php(12): App\Models\Model->__construct()
#3 C:\Users\koloz\Documents\Files\Iskola\2024-25\web\school_OOP\app\Controllers\SubjectController.php(10): App\Models\Subject->__construct()
#4 C:\Users\koloz\Documents\Files\Iskola\2024-25\web\school_OOP\app\Routing\Router.php(52): App\Controllers\SubjectController->__construct()
#5 C:\Users\koloz\Documents\Files\Iskola\2024-25\web\school_OOP\app\Routing\Router.php(29): App\Routing\Router->handleGetRequests('/subjects')
#6 C:\Users\koloz\Documents\Files\Iskola\2024-25\web\school_OOP\app\Routing\Router.php(22): App\Routing\Router->dispatch('GET', '/subjects')
#7 C:\Users\koloz\Documents\Files\Iskola\2024-25\web\school_OOP\Public\index.php(11): App\Routing\Router->handle()
#8 {main}
  thrown in C:\Users\koloz\Documents\Files\Iskola\2024-25\web\school_OOP\app\Database\Database.php on line 36
[09-Apr-2025 12:03:17 UTC] could not find driver
[09-Apr-2025 12:03:17 UTC] PHP Fatal error:  Uncaught RuntimeException: Database connection error. in C:\Users\koloz\Documents\Files\Iskola\2024-25\web\school_OOP\app\Database\Database.php:36
Stack trace:
#0 C:\Users\koloz\Documents\Files\Iskola\2024-25\web\school_OOP\app\Database\Database.php(43): App\Database\Database->__construct(Array)
#1 C:\Users\koloz\Documents\Files\Iskola\2024-25\web\school_OOP\app\Models\Model.php(16): App\Database\Database::getInstance()
#2 C:\Users\koloz\Documents\Files\Iskola\2024-25\web\school_OOP\app\Models\Subject.php(12): App\Models\Model->__construct()
#3 C:\Users\koloz\Documents\Files\Iskola\2024-25\web\school_OOP\app\Controllers\SubjectController.php(10): App\Models\Subject->__construct()
#4 C:\Users\koloz\Documents\Files\Iskola\2024-25\web\school_OOP\app\Routing\Router.php(52): App\Controllers\SubjectController->__construct()
#5 C:\Users\koloz\Documents\Files\Iskola\2024-25\web\school_OOP\app\Routing\Router.php(29): App\Routing\Router->handleGetRequests('/subjects')
#6 C:\Users\koloz\Documents\Files\Iskola\2024-25\web\school_OOP\app\Routing\Router.php(22): App\Routing\Router->dispatch('GET', '/subjects')
#7 C:\Users\koloz\Documents\Files\Iskola\2024-25\web\school_OOP\Public\index.php(11): App\Routing\Router->handle()
#8 {main}
  thrown in C:\Users\koloz\Documents\Files\Iskola\2024-25\web\school_OOP\app\Database\Database.php on line 36
[09-Apr-2025 12:03:17 UTC] could not find driver
[09-Apr-2025 12:03:17 UTC] PHP Fatal error:  Uncaught RuntimeException: Database connection error. in C:\Users\koloz\Documents\Files\Iskola\2024-25\web\school_OOP\app\Database\Database.php:36
Stack trace:
#0 C:\Users\koloz\Documents\Files\Iskola\2024-25\web\school_OOP\app\Database\Database.php(43): App\Database\Database->__construct(Array)
#1 C:\Users\koloz\Documents\Files\Iskola\2024-25\web\school_OOP\app\Models\Model.php(16): App\Database\Database::getInstance()
#2 C:\Users\koloz\Documents\Files\Iskola\2024-25\web\school_OOP\app\Models\Subject.php(12): App\Models\Model->__construct()
#3 C:\Users\koloz\Documents\Files\Iskola\2024-25\web\school_OOP\app\Controllers\SubjectController.php(10): App\Models\Subject->__construct()
#4 C:\Users\koloz\Documents\Files\Iskola\2024-25\web\school_OOP\app\Routing\Router.php(52): App\Controllers\SubjectController->__construct()
#5 C:\Users\koloz\Documents\Files\Iskola\2024-25\web\school_OOP\app\Routing\Router.php(29): App\Routing\Router->handleGetRequests('/subjects')
#6 C:\Users\koloz\Documents\Files\Iskola\2024-25\web\school_OOP\app\Routing\Router.php(22): App\Routing\Router->dispatch('GET', '/subjects')
#7 C:\Users\koloz\Documents\Files\Iskola\2024-25\web\school_OOP\Public\index.php(11): App\Routing\Router->handle()
#8 {main}
  thrown in C:\Users\koloz\Documents\Files\Iskola\2024-25\web\school_OOP\app\Database\Database.php on line 36
[09-Apr-2025 12:03:18 UTC] could not find driver
[09-Apr-2025 12:03:18 UTC] PHP Fatal error:  Uncaught RuntimeException: Database connection error. in C:\Users\koloz\Documents\Files\Iskola\2024-25\web\school_OOP\app\Database\Database.php:36
Stack trace:
#0 C:\Users\koloz\Documents\Files\Iskola\2024-25\web\school_OOP\app\Database\Database.php(43): App\Database\Database->__construct(Array)
#1 C:\Users\koloz\Documents\Files\Iskola\2024-25\web\school_OOP\app\Models\Model.php(16): App\Database\Database::getInstance()
#2 C:\Users\koloz\Documents\Files\Iskola\2024-25\web\school_OOP\app\Models\Subject.php(12): App\Models\Model->__construct()
#3 C:\Users\koloz\Documents\Files\Iskola\2024-25\web\school_OOP\app\Controllers\SubjectController.php(10): App\Models\Subject->__construct()
#4 C:\Users\koloz\Documents\Files\Iskola\2024-25\web\school_OOP\app\Routing\Router.php(52): App\Controllers\SubjectController->__construct()
#5 C:\Users\koloz\Documents\Files\Iskola\2024-25\web\school_OOP\app\Routing\Router.php(29): App\Routing\Router->handleGetRequests('/subjects')
#6 C:\Users\koloz\Documents\Files\Iskola\2024-25\web\school_OOP\app\Routing\Router.php(22): App\Routing\Router->dispatch('GET', '/subjects')
#7 C:\Users\koloz\Documents\Files\Iskola\2024-25\web\school_OOP\Public\index.php(11): App\Routing\Router->handle()
#8 {main}
  thrown in C:\Users\koloz\Documents\Files\Iskola\2024-25\web\school_OOP\app\Database\Database.php on line 36
[09-Apr-2025 12:03:18 UTC] could not find driver
[09-Apr-2025 12:03:18 UTC] PHP Fatal error:  Uncaught RuntimeException: Database connection error. in C:\Users\koloz\Documents\Files\Iskola\2024-25\web\school_OOP\app\Database\Database.php:36
Stack trace:
#0 C:\Users\koloz\Documents\Files\Iskola\2024-25\web\school_OOP\app\Database\Database.php(43): App\Database\Database->__construct(Array)
#1 C:\Users\koloz\Documents\Files\Iskola\2024-25\web\school_OOP\app\Models\Model.php(16): App\Database\Database::getInstance()
#2 C:\Users\koloz\Documents\Files\Iskola\2024-25\web\school_OOP\app\Models\Subject.php(12): App\Models\Model->__construct()
#3 C:\Users\koloz\Documents\Files\Iskola\2024-25\web\school_OOP\app\Controllers\SubjectController.php(10): App\Models\Subject->__construct()
#4 C:\Users\koloz\Documents\Files\Iskola\2024-25\web\school_OOP\app\Routing\Router.php(52): App\Controllers\SubjectController->__construct()
#5 C:\Users\koloz\Documents\Files\Iskola\2024-25\web\school_OOP\app\Routing\Router.php(29): App\Routing\Router->handleGetRequests('/subjects')
#6 C:\Users\koloz\Documents\Files\Iskola\2024-25\web\school_OOP\app\Routing\Router.php(22): App\Routing\Router->dispatch('GET', '/subjects')
#7 C:\Users\koloz\Documents\Files\Iskola\2024-25\web\school_OOP\Public\index.php(11): App\Routing\Router->handle()
#8 {main}
  thrown in C:\Users\koloz\Documents\Files\Iskola\2024-25\web\school_OOP\app\Database\Database.php on line 36
[09-Apr-2025 12:03:18 UTC] could not find driver
[09-Apr-2025 12:03:18 UTC] PHP Fatal error:  Uncaught RuntimeException: Database connection error. in C:\Users\koloz\Documents\Files\Iskola\2024-25\web\school_OOP\app\Database\Database.php:36
Stack trace:
#0 C:\Users\koloz\Documents\Files\Iskola\2024-25\web\school_OOP\app\Database\Database.php(43): App\Database\Database->__construct(Array)
#1 C:\Users\koloz\Documents\Files\Iskola\2024-25\web\school_OOP\app\Models\Model.php(16): App\Database\Database::getInstance()
#2 C:\Users\koloz\Documents\Files\Iskola\2024-25\web\school_OOP\app\Models\Subject.php(12): App\Models\Model->__construct()
#3 C:\Users\koloz\Documents\Files\Iskola\2024-25\web\school_OOP\app\Controllers\SubjectController.php(10): App\Models\Subject->__construct()
#4 C:\Users\koloz\Documents\Files\Iskola\2024-25\web\school_OOP\app\Routing\Router.php(52): App\Controllers\SubjectController->__construct()
#5 C:\Users\koloz\Documents\Files\Iskola\2024-25\web\school_OOP\app\Routing\Router.php(29): App\Routing\Router->handleGetRequests('/subjects')
#6 C:\Users\koloz\Documents\Files\Iskola\2024-25\web\school_OOP\app\Routing\Router.php(22): App\Routing\Router->dispatch('GET', '/subjects')
#7 C:\Users\koloz\Documents\Files\Iskola\2024-25\web\school_OOP\Public\index.php(11): App\Routing\Router->handle()
#8 {main}
  thrown in C:\Users\koloz\Documents\Files\Iskola\2024-25\web\school_OOP\app\Database\Database.php on line 36
[09-Apr-2025 12:03:18 UTC] could not find driver
[09-Apr-2025 12:03:18 UTC] PHP Fatal error:  Uncaught RuntimeException: Database connection error. in C:\Users\koloz\Documents\Files\Iskola\2024-25\web\school_OOP\app\Database\Database.php:36
Stack trace:
#0 C:\Users\koloz\Documents\Files\Iskola\2024-25\web\school_OOP\app\Database\Database.php(43): App\Database\Database->__construct(Array)
#1 C:\Users\koloz\Documents\Files\Iskola\2024-25\web\school_OOP\app\Models\Model.php(16): App\Database\Database::getInstance()
#2 C:\Users\koloz\Documents\Files\Iskola\2024-25\web\school_OOP\app\Models\Subject.php(12): App\Models\Model->__construct()
#3 C:\Users\koloz\Documents\Files\Iskola\2024-25\web\school_OOP\app\Controllers\SubjectController.php(10): App\Models\Subject->__construct()
#4 C:\Users\koloz\Documents\Files\Iskola\2024-25\web\school_OOP\app\Routing\Router.php(52): App\Controllers\SubjectController->__construct()
#5 C:\Users\koloz\Documents\Files\Iskola\2024-25\web\school_OOP\app\Routing\Router.php(29): App\Routing\Router->handleGetRequests('/subjects')
#6 C:\Users\koloz\Documents\Files\Iskola\2024-25\web\school_OOP\app\Routing\Router.php(22): App\Routing\Router->dispatch('GET', '/subjects')
#7 C:\Users\koloz\Documents\Files\Iskola\2024-25\web\school_OOP\Public\index.php(11): App\Routing\Router->handle()
#8 {main}
  thrown in C:\Users\koloz\Documents\Files\Iskola\2024-25\web\school_OOP\app\Database\Database.php on line 36
[09-Apr-2025 12:03:18 UTC] could not find driver
[09-Apr-2025 12:03:18 UTC] PHP Fatal error:  Uncaught RuntimeException: Database connection error. in C:\Users\koloz\Documents\Files\Iskola\2024-25\web\school_OOP\app\Database\Database.php:36
Stack trace:
#0 C:\Users\koloz\Documents\Files\Iskola\2024-25\web\school_OOP\app\Database\Database.php(43): App\Database\Database->__construct(Array)
#1 C:\Users\koloz\Documents\Files\Iskola\2024-25\web\school_OOP\app\Models\Model.php(16): App\Database\Database::getInstance()
#2 C:\Users\koloz\Documents\Files\Iskola\2024-25\web\school_OOP\app\Models\Subject.php(12): App\Models\Model->__construct()
#3 C:\Users\koloz\Documents\Files\Iskola\2024-25\web\school_OOP\app\Controllers\SubjectController.php(10): App\Models\Subject->__construct()
#4 C:\Users\koloz\Documents\Files\Iskola\2024-25\web\school_OOP\app\Routing\Router.php(52): App\Controllers\SubjectController->__construct()
#5 C:\Users\koloz\Documents\Files\Iskola\2024-25\web\school_OOP\app\Routing\Router.php(29): App\Routing\Router->handleGetRequests('/subjects')
#6 C:\Users\koloz\Documents\Files\Iskola\2024-25\web\school_OOP\app\Routing\Router.php(22): App\Routing\Router->dispatch('GET', '/subjects')
#7 C:\Users\koloz\Documents\Files\Iskola\2024-25\web\school_OOP\Public\index.php(11): App\Routing\Router->handle()
#8 {main}
  thrown in C:\Users\koloz\Documents\Files\Iskola\2024-25\web\school_OOP\app\Database\Database.php on line 36
[09-Apr-2025 12:03:19 UTC] could not find driver
[09-Apr-2025 12:03:19 UTC] PHP Fatal error:  Uncaught RuntimeException: Database connection error. in C:\Users\koloz\Documents\Files\Iskola\2024-25\web\school_OOP\app\Database\Database.php:36
Stack trace:
#0 C:\Users\koloz\Documents\Files\Iskola\2024-25\web\school_OOP\app\Database\Database.php(43): App\Database\Database->__construct(Array)
#1 C:\Users\koloz\Documents\Files\Iskola\2024-25\web\school_OOP\app\Models\Model.php(16): App\Database\Database::getInstance()
#2 C:\Users\koloz\Documents\Files\Iskola\2024-25\web\school_OOP\app\Models\Subject.php(12): App\Models\Model->__construct()
#3 C:\Users\koloz\Documents\Files\Iskola\2024-25\web\school_OOP\app\Controllers\SubjectController.php(10): App\Models\Subject->__construct()
#4 C:\Users\koloz\Documents\Files\Iskola\2024-25\web\school_OOP\app\Routing\Router.php(52): App\Controllers\SubjectController->__construct()
#5 C:\Users\koloz\Documents\Files\Iskola\2024-25\web\school_OOP\app\Routing\Router.php(29): App\Routing\Router->handleGetRequests('/subjects')
#6 C:\Users\koloz\Documents\Files\Iskola\2024-25\web\school_OOP\app\Routing\Router.php(22): App\Routing\Router->dispatch('GET', '/subjects')
#7 C:\Users\koloz\Documents\Files\Iskola\2024-25\web\school_OOP\Public\index.php(11): App\Routing\Router->handle()
#8 {main}
  thrown in C:\Users\koloz\Documents\Files\Iskola\2024-25\web\school_OOP\app\Database\Database.php on line 36
[09-Apr-2025 12:03:23 UTC] could not find driver
[09-Apr-2025 12:03:23 UTC] PHP Fatal error:  Uncaught RuntimeException: Database connection error. in C:\Users\koloz\Documents\Files\Iskola\2024-25\web\school_OOP\app\Database\Database.php:36
Stack trace:
#0 C:\Users\koloz\Documents\Files\Iskola\2024-25\web\school_OOP\app\Database\Database.php(43): App\Database\Database->__construct(Array)
#1 C:\Users\koloz\Documents\Files\Iskola\2024-25\web\school_OOP\app\Models\Model.php(16): App\Database\Database::getInstance()
#2 C:\Users\koloz\Documents\Files\Iskola\2024-25\web\school_OOP\app\Models\Subject.php(12): App\Models\Model->__construct()
#3 C:\Users\koloz\Documents\Files\Iskola\2024-25\web\school_OOP\app\Controllers\SubjectController.php(10): App\Models\Subject->__construct()
#4 C:\Users\koloz\Documents\Files\Iskola\2024-25\web\school_OOP\app\Routing\Router.php(52): App\Controllers\SubjectController->__construct()
#5 C:\Users\koloz\Documents\Files\Iskola\2024-25\web\school_OOP\app\Routing\Router.php(29): App\Routing\Router->handleGetRequests('/subjects')
#6 C:\Users\koloz\Documents\Files\Iskola\2024-25\web\school_OOP\app\Routing\Router.php(22): App\Routing\Router->dispatch('GET', '/subjects')
#7 C:\Users\koloz\Documents\Files\Iskola\2024-25\web\school_OOP\Public\index.php(11): App\Routing\Router->handle()
#8 {main}
  thrown in C:\Users\koloz\Documents\Files\Iskola\2024-25\web\school_OOP\app\Database\Database.php on line 36
[09-Apr-2025 12:03:24 UTC] could not find driver
[09-Apr-2025 12:03:24 UTC] PHP Fatal error:  Uncaught RuntimeException: Database connection error. in C:\Users\koloz\Documents\Files\Iskola\2024-25\web\school_OOP\app\Database\Database.php:36
Stack trace:
#0 C:\Users\koloz\Documents\Files\Iskola\2024-25\web\school_OOP\app\Database\Database.php(43): App\Database\Database->__construct(Array)
#1 C:\Users\koloz\Documents\Files\Iskola\2024-25\web\school_OOP\app\Models\Model.php(16): App\Database\Database::getInstance()
#2 C:\Users\koloz\Documents\Files\Iskola\2024-25\web\school_OOP\app\Models\Subject.php(12): App\Models\Model->__construct()
#3 C:\Users\koloz\Documents\Files\Iskola\2024-25\web\school_OOP\app\Controllers\SubjectController.php(10): App\Models\Subject->__construct()
#4 C:\Users\koloz\Documents\Files\Iskola\2024-25\web\school_OOP\app\Routing\Router.php(52): App\Controllers\SubjectController->__construct()
#5 C:\Users\koloz\Documents\Files\Iskola\2024-25\web\school_OOP\app\Routing\Router.php(29): App\Routing\Router->handleGetRequests('/subjects')
#6 C:\Users\koloz\Documents\Files\Iskola\2024-25\web\school_OOP\app\Routing\Router.php(22): App\Routing\Router->dispatch('GET', '/subjects')
#7 C:\Users\koloz\Documents\Files\Iskola\2024-25\web\school_OOP\Public\index.php(11): App\Routing\Router->handle()
#8 {main}
  thrown in C:\Users\koloz\Documents\Files\Iskola\2024-25\web\school_OOP\app\Database\Database.php on line 36
[09-Apr-2025 12:03:24 UTC] could not find driver
[09-Apr-2025 12:03:24 UTC] PHP Fatal error:  Uncaught RuntimeException: Database connection error. in C:\Users\koloz\Documents\Files\Iskola\2024-25\web\school_OOP\app\Database\Database.php:36
Stack trace:
#0 C:\Users\koloz\Documents\Files\Iskola\2024-25\web\school_OOP\app\Database\Database.php(43): App\Database\Database->__construct(Array)
#1 C:\Users\koloz\Documents\Files\Iskola\2024-25\web\school_OOP\app\Models\Model.php(16): App\Database\Database::getInstance()
#2 C:\Users\koloz\Documents\Files\Iskola\2024-25\web\school_OOP\app\Models\Subject.php(12): App\Models\Model->__construct()
#3 C:\Users\koloz\Documents\Files\Iskola\2024-25\web\school_OOP\app\Controllers\SubjectController.php(10): App\Models\Subject->__construct()
#4 C:\Users\koloz\Documents\Files\Iskola\2024-25\web\school_OOP\app\Routing\Router.php(52): App\Controllers\SubjectController->__construct()
#5 C:\Users\koloz\Documents\Files\Iskola\2024-25\web\school_OOP\app\Routing\Router.php(29): App\Routing\Router->handleGetRequests('/subjects')
#6 C:\Users\koloz\Documents\Files\Iskola\2024-25\web\school_OOP\app\Routing\Router.php(22): App\Routing\Router->dispatch('GET', '/subjects')
#7 C:\Users\koloz\Documents\Files\Iskola\2024-25\web\school_OOP\Public\index.php(11): App\Routing\Router->handle()
#8 {main}
  thrown in C:\Users\koloz\Documents\Files\Iskola\2024-25\web\school_OOP\app\Database\Database.php on line 36
[09-Apr-2025 12:06:31 UTC] could not find driver
[09-Apr-2025 12:06:31 UTC] PHP Fatal error:  Uncaught RuntimeException: Database connection error. in C:\Users\koloz\Documents\Files\Iskola\2024-25\web\school_OOP\app\Database\Database.php:36
Stack trace:
#0 C:\Users\koloz\Documents\Files\Iskola\2024-25\web\school_OOP\app\Database\Database.php(43): App\Database\Database->__construct(Array)
#1 C:\Users\koloz\Documents\Files\Iskola\2024-25\web\school_OOP\app\Models\Model.php(16): App\Database\Database::getInstance()
#2 C:\Users\koloz\Documents\Files\Iskola\2024-25\web\school_OOP\app\Models\Subject.php(12): App\Models\Model->__construct()
#3 C:\Users\koloz\Documents\Files\Iskola\2024-25\web\school_OOP\app\Controllers\SubjectController.php(10): App\Models\Subject->__construct()
#4 C:\Users\koloz\Documents\Files\Iskola\2024-25\web\school_OOP\app\Routing\Router.php(52): App\Controllers\SubjectController->__construct()
#5 C:\Users\koloz\Documents\Files\Iskola\2024-25\web\school_OOP\app\Routing\Router.php(29): App\Routing\Router->handleGetRequests('/subjects')
#6 C:\Users\koloz\Documents\Files\Iskola\2024-25\web\school_OOP\app\Routing\Router.php(22): App\Routing\Router->dispatch('GET', '/subjects')
#7 C:\Users\koloz\Documents\Files\Iskola\2024-25\web\school_OOP\Public\index.php(11): App\Routing\Router->handle()
#8 {main}
  thrown in C:\Users\koloz\Documents\Files\Iskola\2024-25\web\school_OOP\app\Database\Database.php on line 36
[09-Apr-2025 12:06:31 UTC] could not find driver
[09-Apr-2025 12:06:31 UTC] PHP Fatal error:  Uncaught RuntimeException: Database connection error. in C:\Users\koloz\Documents\Files\Iskola\2024-25\web\school_OOP\app\Database\Database.php:36
Stack trace:
#0 C:\Users\koloz\Documents\Files\Iskola\2024-25\web\school_OOP\app\Database\Database.php(43): App\Database\Database->__construct(Array)
#1 C:\Users\koloz\Documents\Files\Iskola\2024-25\web\school_OOP\app\Models\Model.php(16): App\Database\Database::getInstance()
#2 C:\Users\koloz\Documents\Files\Iskola\2024-25\web\school_OOP\app\Models\Subject.php(12): App\Models\Model->__construct()
#3 C:\Users\koloz\Documents\Files\Iskola\2024-25\web\school_OOP\app\Controllers\SubjectController.php(10): App\Models\Subject->__construct()
#4 C:\Users\koloz\Documents\Files\Iskola\2024-25\web\school_OOP\app\Routing\Router.php(52): App\Controllers\SubjectController->__construct()
#5 C:\Users\koloz\Documents\Files\Iskola\2024-25\web\school_OOP\app\Routing\Router.php(29): App\Routing\Router->handleGetRequests('/subjects')
#6 C:\Users\koloz\Documents\Files\Iskola\2024-25\web\school_OOP\app\Routing\Router.php(22): App\Routing\Router->dispatch('GET', '/subjects')
#7 C:\Users\koloz\Documents\Files\Iskola\2024-25\web\school_OOP\Public\index.php(11): App\Routing\Router->handle()
#8 {main}
  thrown in C:\Users\koloz\Documents\Files\Iskola\2024-25\web\school_OOP\app\Database\Database.php on line 36
[09-Apr-2025 12:10:44 UTC] could not find driver
[09-Apr-2025 12:10:44 UTC] PHP Fatal error:  Uncaught RuntimeException: Database connection error. in C:\Users\koloz\Documents\Files\Iskola\2024-25\web\school_OOP\app\Database\Database.php:36
Stack trace:
#0 C:\Users\koloz\Documents\Files\Iskola\2024-25\web\school_OOP\app\Database\Database.php(43): App\Database\Database->__construct(Array)
#1 C:\Users\koloz\Documents\Files\Iskola\2024-25\web\school_OOP\app\Models\Model.php(16): App\Database\Database::getInstance()
#2 C:\Users\koloz\Documents\Files\Iskola\2024-25\web\school_OOP\app\Models\Subject.php(12): App\Models\Model->__construct()
#3 C:\Users\koloz\Documents\Files\Iskola\2024-25\web\school_OOP\app\Controllers\SubjectController.php(10): App\Models\Subject->__construct()
#4 C:\Users\koloz\Documents\Files\Iskola\2024-25\web\school_OOP\app\Routing\Router.php(52): App\Controllers\SubjectController->__construct()
#5 C:\Users\koloz\Documents\Files\Iskola\2024-25\web\school_OOP\app\Routing\Router.php(29): App\Routing\Router->handleGetRequests('/subjects')
#6 C:\Users\koloz\Documents\Files\Iskola\2024-25\web\school_OOP\app\Routing\Router.php(22): App\Routing\Router->dispatch('GET', '/subjects')
#7 C:\Users\koloz\Documents\Files\Iskola\2024-25\web\school_OOP\Public\index.php(11): App\Routing\Router->handle()
#8 {main}
  thrown in C:\Users\koloz\Documents\Files\Iskola\2024-25\web\school_OOP\app\Database\Database.php on line 36
[09-Apr-2025 12:12:23 UTC] could not find driver
[09-Apr-2025 12:12:23 UTC] PHP Fatal error:  Uncaught RuntimeException: Database connection error. in C:\Users\koloz\Documents\Files\Iskola\2024-25\web\school_OOP\app\Database\Database.php:36
Stack trace:
#0 C:\Users\koloz\Documents\Files\Iskola\2024-25\web\school_OOP\app\Database\Database.php(43): App\Database\Database->__construct(Array)
#1 C:\Users\koloz\Documents\Files\Iskola\2024-25\web\school_OOP\app\Models\Model.php(16): App\Database\Database::getInstance()
#2 C:\Users\koloz\Documents\Files\Iskola\2024-25\web\school_OOP\app\Models\ClassModel.php(13): App\Models\Model->__construct()
#3 C:\Users\koloz\Documents\Files\Iskola\2024-25\web\school_OOP\app\Controllers\ClassController.php(11): App\Models\ClassModel->__construct()
#4 C:\Users\koloz\Documents\Files\Iskola\2024-25\web\school_OOP\app\Routing\Router.php(57): App\Controllers\ClassController->__construct()
#5 C:\Users\koloz\Documents\Files\Iskola\2024-25\web\school_OOP\app\Routing\Router.php(30): App\Routing\Router->handleGetRequests('/classes')
#6 C:\Users\koloz\Documents\Files\Iskola\2024-25\web\school_OOP\app\Routing\Router.php(23): App\Routing\Router->dispatch('GET', '/classes')
#7 C:\Users\koloz\Documents\Files\Iskola\2024-25\web\school_OOP\Public\index.php(11): App\Routing\Router->handle()
#8 {main}
  thrown in C:\Users\koloz\Documents\Files\Iskola\2024-25\web\school_OOP\app\Database\Database.php on line 36
[09-Apr-2025 12:15:00 UTC] could not find driver
[09-Apr-2025 12:15:00 UTC] PHP Fatal error:  Uncaught RuntimeException: Database connection error. in C:\Users\koloz\Documents\Files\Iskola\2024-25\web\school_OOP\app\Database\Database.php:36
Stack trace:
#0 C:\Users\koloz\Documents\Files\Iskola\2024-25\web\school_OOP\app\Database\Database.php(43): App\Database\Database->__construct(Array)
#1 C:\Users\koloz\Documents\Files\Iskola\2024-25\web\school_OOP\app\Models\Model.php(16): App\Database\Database::getInstance()
#2 C:\Users\koloz\Documents\Files\Iskola\2024-25\web\school_OOP\app\Models\ClassModel.php(13): App\Models\Model->__construct()
#3 C:\Users\koloz\Documents\Files\Iskola\2024-25\web\school_OOP\app\Controllers\ClassController.php(11): App\Models\ClassModel->__construct()
#4 C:\Users\koloz\Documents\Files\Iskola\2024-25\web\school_OOP\app\Routing\Router.php(57): App\Controllers\ClassController->__construct()
#5 C:\Users\koloz\Documents\Files\Iskola\2024-25\web\school_OOP\app\Routing\Router.php(30): App\Routing\Router->handleGetRequests('/classes')
#6 C:\Users\koloz\Documents\Files\Iskola\2024-25\web\school_OOP\app\Routing\Router.php(23): App\Routing\Router->dispatch('GET', '/classes')
#7 C:\Users\koloz\Documents\Files\Iskola\2024-25\web\school_OOP\Public\index.php(11): App\Routing\Router->handle()
#8 {main}
  thrown in C:\Users\koloz\Documents\Files\Iskola\2024-25\web\school_OOP\app\Database\Database.php on line 36
[09-Apr-2025 12:15:28 UTC] could not find driver
[09-Apr-2025 12:15:28 UTC] PHP Fatal error:  Uncaught RuntimeException: Database connection error. in C:\Users\koloz\Documents\Files\Iskola\2024-25\web\school_OOP\app\Database\Database.php:37
Stack trace:
#0 C:\Users\koloz\Documents\Files\Iskola\2024-25\web\school_OOP\app\Database\Database.php(44): App\Database\Database->__construct(Array)
#1 C:\Users\koloz\Documents\Files\Iskola\2024-25\web\school_OOP\app\Models\Model.php(16): App\Database\Database::getInstance()
#2 C:\Users\koloz\Documents\Files\Iskola\2024-25\web\school_OOP\app\Models\ClassModel.php(13): App\Models\Model->__construct()
#3 C:\Users\koloz\Documents\Files\Iskola\2024-25\web\school_OOP\app\Controllers\ClassController.php(11): App\Models\ClassModel->__construct()
#4 C:\Users\koloz\Documents\Files\Iskola\2024-25\web\school_OOP\app\Routing\Router.php(57): App\Controllers\ClassController->__construct()
#5 C:\Users\koloz\Documents\Files\Iskola\2024-25\web\school_OOP\app\Routing\Router.php(30): App\Routing\Router->handleGetRequests('/classes')
#6 C:\Users\koloz\Documents\Files\Iskola\2024-25\web\school_OOP\app\Routing\Router.php(23): App\Routing\Router->dispatch('GET', '/classes')
#7 C:\Users\koloz\Documents\Files\Iskola\2024-25\web\school_OOP\Public\index.php(11): App\Routing\Router->handle()
#8 {main}
  thrown in C:\Users\koloz\Documents\Files\Iskola\2024-25\web\school_OOP\app\Database\Database.php on line 37
[09-Apr-2025 12:15:29 UTC] could not find driver
[09-Apr-2025 12:15:29 UTC] PHP Fatal error:  Uncaught RuntimeException: Database connection error. in C:\Users\koloz\Documents\Files\Iskola\2024-25\web\school_OOP\app\Database\Database.php:37
Stack trace:
#0 C:\Users\koloz\Documents\Files\Iskola\2024-25\web\school_OOP\app\Database\Database.php(44): App\Database\Database->__construct(Array)
#1 C:\Users\koloz\Documents\Files\Iskola\2024-25\web\school_OOP\app\Models\Model.php(16): App\Database\Database::getInstance()
#2 C:\Users\koloz\Documents\Files\Iskola\2024-25\web\school_OOP\app\Models\ClassModel.php(13): App\Models\Model->__construct()
#3 C:\Users\koloz\Documents\Files\Iskola\2024-25\web\school_OOP\app\Controllers\ClassController.php(11): App\Models\ClassModel->__construct()
#4 C:\Users\koloz\Documents\Files\Iskola\2024-25\web\school_OOP\app\Routing\Router.php(57): App\Controllers\ClassController->__construct()
#5 C:\Users\koloz\Documents\Files\Iskola\2024-25\web\school_OOP\app\Routing\Router.php(30): App\Routing\Router->handleGetRequests('/classes')
#6 C:\Users\koloz\Documents\Files\Iskola\2024-25\web\school_OOP\app\Routing\Router.php(23): App\Routing\Router->dispatch('GET', '/classes')
#7 C:\Users\koloz\Documents\Files\Iskola\2024-25\web\school_OOP\Public\index.php(11): App\Routing\Router->handle()
#8 {main}
  thrown in C:\Users\koloz\Documents\Files\Iskola\2024-25\web\school_OOP\app\Database\Database.php on line 37
[09-Apr-2025 12:15:29 UTC] could not find driver
[09-Apr-2025 12:15:29 UTC] PHP Fatal error:  Uncaught RuntimeException: Database connection error. in C:\Users\koloz\Documents\Files\Iskola\2024-25\web\school_OOP\app\Database\Database.php:37
Stack trace:
#0 C:\Users\koloz\Documents\Files\Iskola\2024-25\web\school_OOP\app\Database\Database.php(44): App\Database\Database->__construct(Array)
#1 C:\Users\koloz\Documents\Files\Iskola\2024-25\web\school_OOP\app\Models\Model.php(16): App\Database\Database::getInstance()
#2 C:\Users\koloz\Documents\Files\Iskola\2024-25\web\school_OOP\app\Models\ClassModel.php(13): App\Models\Model->__construct()
#3 C:\Users\koloz\Documents\Files\Iskola\2024-25\web\school_OOP\app\Controllers\ClassController.php(11): App\Models\ClassModel->__construct()
#4 C:\Users\koloz\Documents\Files\Iskola\2024-25\web\school_OOP\app\Routing\Router.php(57): App\Controllers\ClassController->__construct()
#5 C:\Users\koloz\Documents\Files\Iskola\2024-25\web\school_OOP\app\Routing\Router.php(30): App\Routing\Router->handleGetRequests('/classes')
#6 C:\Users\koloz\Documents\Files\Iskola\2024-25\web\school_OOP\app\Routing\Router.php(23): App\Routing\Router->dispatch('GET', '/classes')
#7 C:\Users\koloz\Documents\Files\Iskola\2024-25\web\school_OOP\Public\index.php(11): App\Routing\Router->handle()
#8 {main}
  thrown in C:\Users\koloz\Documents\Files\Iskola\2024-25\web\school_OOP\app\Database\Database.php on line 37
[09-Apr-2025 12:15:37 UTC] could not find driver
[09-Apr-2025 12:15:37 UTC] PHP Fatal error:  Uncaught RuntimeException: Database connection error. in C:\Users\koloz\Documents\Files\Iskola\2024-25\web\school_OOP\app\Database\Database.php:37
Stack trace:
#0 C:\Users\koloz\Documents\Files\Iskola\2024-25\web\school_OOP\app\Database\Database.php(44): App\Database\Database->__construct(Array)
#1 C:\Users\koloz\Documents\Files\Iskola\2024-25\web\school_OOP\app\Models\Model.php(16): App\Database\Database::getInstance()
#2 C:\Users\koloz\Documents\Files\Iskola\2024-25\web\school_OOP\app\Models\ClassModel.php(13): App\Models\Model->__construct()
#3 C:\Users\koloz\Documents\Files\Iskola\2024-25\web\school_OOP\app\Controllers\ClassController.php(11): App\Models\ClassModel->__construct()
#4 C:\Users\koloz\Documents\Files\Iskola\2024-25\web\school_OOP\app\Routing\Router.php(57): App\Controllers\ClassController->__construct()
#5 C:\Users\koloz\Documents\Files\Iskola\2024-25\web\school_OOP\app\Routing\Router.php(30): App\Routing\Router->handleGetRequests('/classes')
#6 C:\Users\koloz\Documents\Files\Iskola\2024-25\web\school_OOP\app\Routing\Router.php(23): App\Routing\Router->dispatch('GET', '/classes')
#7 C:\Users\koloz\Documents\Files\Iskola\2024-25\web\school_OOP\Public\index.php(11): App\Routing\Router->handle()
#8 {main}
  thrown in C:\Users\koloz\Documents\Files\Iskola\2024-25\web\school_OOP\app\Database\Database.php on line 37
[09-Apr-2025 12:15:37 UTC] could not find driver
[09-Apr-2025 12:15:37 UTC] PHP Fatal error:  Uncaught RuntimeException: Database connection error. in C:\Users\koloz\Documents\Files\Iskola\2024-25\web\school_OOP\app\Database\Database.php:37
Stack trace:
#0 C:\Users\koloz\Documents\Files\Iskola\2024-25\web\school_OOP\app\Database\Database.php(44): App\Database\Database->__construct(Array)
#1 C:\Users\koloz\Documents\Files\Iskola\2024-25\web\school_OOP\app\Models\Model.php(16): App\Database\Database::getInstance()
#2 C:\Users\koloz\Documents\Files\Iskola\2024-25\web\school_OOP\app\Models\ClassModel.php(13): App\Models\Model->__construct()
#3 C:\Users\koloz\Documents\Files\Iskola\2024-25\web\school_OOP\app\Controllers\ClassController.php(11): App\Models\ClassModel->__construct()
#4 C:\Users\koloz\Documents\Files\Iskola\2024-25\web\school_OOP\app\Routing\Router.php(57): App\Controllers\ClassController->__construct()
#5 C:\Users\koloz\Documents\Files\Iskola\2024-25\web\school_OOP\app\Routing\Router.php(30): App\Routing\Router->handleGetRequests('/classes')
#6 C:\Users\koloz\Documents\Files\Iskola\2024-25\web\school_OOP\app\Routing\Router.php(23): App\Routing\Router->dispatch('GET', '/classes')
#7 C:\Users\koloz\Documents\Files\Iskola\2024-25\web\school_OOP\Public\index.php(11): App\Routing\Router->handle()
#8 {main}
  thrown in C:\Users\koloz\Documents\Files\Iskola\2024-25\web\school_OOP\app\Database\Database.php on line 37
[09-Apr-2025 12:15:37 UTC] could not find driver
[09-Apr-2025 12:15:37 UTC] PHP Fatal error:  Uncaught RuntimeException: Database connection error. in C:\Users\koloz\Documents\Files\Iskola\2024-25\web\school_OOP\app\Database\Database.php:37
Stack trace:
#0 C:\Users\koloz\Documents\Files\Iskola\2024-25\web\school_OOP\app\Database\Database.php(44): App\Database\Database->__construct(Array)
#1 C:\Users\koloz\Documents\Files\Iskola\2024-25\web\school_OOP\app\Models\Model.php(16): App\Database\Database::getInstance()
#2 C:\Users\koloz\Documents\Files\Iskola\2024-25\web\school_OOP\app\Models\ClassModel.php(13): App\Models\Model->__construct()
#3 C:\Users\koloz\Documents\Files\Iskola\2024-25\web\school_OOP\app\Controllers\ClassController.php(11): App\Models\ClassModel->__construct()
#4 C:\Users\koloz\Documents\Files\Iskola\2024-25\web\school_OOP\app\Routing\Router.php(57): App\Controllers\ClassController->__construct()
#5 C:\Users\koloz\Documents\Files\Iskola\2024-25\web\school_OOP\app\Routing\Router.php(30): App\Routing\Router->handleGetRequests('/classes')
#6 C:\Users\koloz\Documents\Files\Iskola\2024-25\web\school_OOP\app\Routing\Router.php(23): App\Routing\Router->dispatch('GET', '/classes')
#7 C:\Users\koloz\Documents\Files\Iskola\2024-25\web\school_OOP\Public\index.php(11): App\Routing\Router->handle()
#8 {main}
  thrown in C:\Users\koloz\Documents\Files\Iskola\2024-25\web\school_OOP\app\Database\Database.php on line 37
[09-Apr-2025 12:15:38 UTC] could not find driver
[09-Apr-2025 12:15:38 UTC] PHP Fatal error:  Uncaught RuntimeException: Database connection error. in C:\Users\koloz\Documents\Files\Iskola\2024-25\web\school_OOP\app\Database\Database.php:37
Stack trace:
#0 C:\Users\koloz\Documents\Files\Iskola\2024-25\web\school_OOP\app\Database\Database.php(44): App\Database\Database->__construct(Array)
#1 C:\Users\koloz\Documents\Files\Iskola\2024-25\web\school_OOP\app\Models\Model.php(16): App\Database\Database::getInstance()
#2 C:\Users\koloz\Documents\Files\Iskola\2024-25\web\school_OOP\app\Models\ClassModel.php(13): App\Models\Model->__construct()
#3 C:\Users\koloz\Documents\Files\Iskola\2024-25\web\school_OOP\app\Controllers\ClassController.php(11): App\Models\ClassModel->__construct()
#4 C:\Users\koloz\Documents\Files\Iskola\2024-25\web\school_OOP\app\Routing\Router.php(57): App\Controllers\ClassController->__construct()
#5 C:\Users\koloz\Documents\Files\Iskola\2024-25\web\school_OOP\app\Routing\Router.php(30): App\Routing\Router->handleGetRequests('/classes')
#6 C:\Users\koloz\Documents\Files\Iskola\2024-25\web\school_OOP\app\Routing\Router.php(23): App\Routing\Router->dispatch('GET', '/classes')
#7 C:\Users\koloz\Documents\Files\Iskola\2024-25\web\school_OOP\Public\index.php(11): App\Routing\Router->handle()
#8 {main}
  thrown in C:\Users\koloz\Documents\Files\Iskola\2024-25\web\school_OOP\app\Database\Database.php on line 37
[09-Apr-2025 12:15:39 UTC] could not find driver
[09-Apr-2025 12:15:39 UTC] PHP Fatal error:  Uncaught RuntimeException: Database connection error. in C:\Users\koloz\Documents\Files\Iskola\2024-25\web\school_OOP\app\Database\Database.php:37
Stack trace:
#0 C:\Users\koloz\Documents\Files\Iskola\2024-25\web\school_OOP\app\Database\Database.php(44): App\Database\Database->__construct(Array)
#1 C:\Users\koloz\Documents\Files\Iskola\2024-25\web\school_OOP\app\Models\Model.php(16): App\Database\Database::getInstance()
#2 C:\Users\koloz\Documents\Files\Iskola\2024-25\web\school_OOP\app\Models\ClassModel.php(13): App\Models\Model->__construct()
#3 C:\Users\koloz\Documents\Files\Iskola\2024-25\web\school_OOP\app\Controllers\ClassController.php(11): App\Models\ClassModel->__construct()
#4 C:\Users\koloz\Documents\Files\Iskola\2024-25\web\school_OOP\app\Routing\Router.php(57): App\Controllers\ClassController->__construct()
#5 C:\Users\koloz\Documents\Files\Iskola\2024-25\web\school_OOP\app\Routing\Router.php(30): App\Routing\Router->handleGetRequests('/classes')
#6 C:\Users\koloz\Documents\Files\Iskola\2024-25\web\school_OOP\app\Routing\Router.php(23): App\Routing\Router->dispatch('GET', '/classes')
#7 C:\Users\koloz\Documents\Files\Iskola\2024-25\web\school_OOP\Public\index.php(11): App\Routing\Router->handle()
#8 {main}
  thrown in C:\Users\koloz\Documents\Files\Iskola\2024-25\web\school_OOP\app\Database\Database.php on line 37
[09-Apr-2025 12:15:41 UTC] could not find driver
[09-Apr-2025 12:15:41 UTC] PHP Fatal error:  Uncaught RuntimeException: Database connection error. in C:\Users\koloz\Documents\Files\Iskola\2024-25\web\school_OOP\app\Database\Database.php:37
Stack trace:
#0 C:\Users\koloz\Documents\Files\Iskola\2024-25\web\school_OOP\app\Database\Database.php(44): App\Database\Database->__construct(Array)
#1 C:\Users\koloz\Documents\Files\Iskola\2024-25\web\school_OOP\app\Models\Model.php(16): App\Database\Database::getInstance()
#2 C:\Users\koloz\Documents\Files\Iskola\2024-25\web\school_OOP\app\Models\Subject.php(12): App\Models\Model->__construct()
#3 C:\Users\koloz\Documents\Files\Iskola\2024-25\web\school_OOP\app\Controllers\SubjectController.php(10): App\Models\Subject->__construct()
#4 C:\Users\koloz\Documents\Files\Iskola\2024-25\web\school_OOP\app\Routing\Router.php(53): App\Controllers\SubjectController->__construct()
#5 C:\Users\koloz\Documents\Files\Iskola\2024-25\web\school_OOP\app\Routing\Router.php(30): App\Routing\Router->handleGetRequests('/subjects')
#6 C:\Users\koloz\Documents\Files\Iskola\2024-25\web\school_OOP\app\Routing\Router.php(23): App\Routing\Router->dispatch('GET', '/subjects')
#7 C:\Users\koloz\Documents\Files\Iskola\2024-25\web\school_OOP\Public\index.php(11): App\Routing\Router->handle()
#8 {main}
  thrown in C:\Users\koloz\Documents\Files\Iskola\2024-25\web\school_OOP\app\Database\Database.php on line 37
[09-Apr-2025 12:16:00 UTC] could not find driver
[09-Apr-2025 12:16:00 UTC] PHP Fatal error:  Uncaught RuntimeException: Database connection error. in C:\Users\koloz\Documents\Files\Iskola\2024-25\web\school_OOP\app\Database\Database.php:36
Stack trace:
#0 C:\Users\koloz\Documents\Files\Iskola\2024-25\web\school_OOP\app\Database\Database.php(43): App\Database\Database->__construct(Array)
#1 C:\Users\koloz\Documents\Files\Iskola\2024-25\web\school_OOP\app\Models\Model.php(16): App\Database\Database::getInstance()
#2 C:\Users\koloz\Documents\Files\Iskola\2024-25\web\school_OOP\app\Models\ClassModel.php(13): App\Models\Model->__construct()
#3 C:\Users\koloz\Documents\Files\Iskola\2024-25\web\school_OOP\app\Controllers\ClassController.php(11): App\Models\ClassModel->__construct()
#4 C:\Users\koloz\Documents\Files\Iskola\2024-25\web\school_OOP\app\Routing\Router.php(57): App\Controllers\ClassController->__construct()
#5 C:\Users\koloz\Documents\Files\Iskola\2024-25\web\school_OOP\app\Routing\Router.php(30): App\Routing\Router->handleGetRequests('/classes')
#6 C:\Users\koloz\Documents\Files\Iskola\2024-25\web\school_OOP\app\Routing\Router.php(23): App\Routing\Router->dispatch('GET', '/classes')
#7 C:\Users\koloz\Documents\Files\Iskola\2024-25\web\school_OOP\Public\index.php(11): App\Routing\Router->handle()
#8 {main}
  thrown in C:\Users\koloz\Documents\Files\Iskola\2024-25\web\school_OOP\app\Database\Database.php on line 36
[09-Apr-2025 12:16:32 UTC] could not find driver
[09-Apr-2025 12:16:32 UTC] PHP Fatal error:  Uncaught RuntimeException: Database connection error. in C:\Users\koloz\Documents\Files\Iskola\2024-25\web\school_OOP\app\Database\Database.php:36
Stack trace:
#0 C:\Users\koloz\Documents\Files\Iskola\2024-25\web\school_OOP\app\Database\Database.php(43): App\Database\Database->__construct(Array)
#1 C:\Users\koloz\Documents\Files\Iskola\2024-25\web\school_OOP\app\Models\Model.php(16): App\Database\Database::getInstance()
#2 C:\Users\koloz\Documents\Files\Iskola\2024-25\web\school_OOP\app\Models\ClassModel.php(13): App\Models\Model->__construct()
#3 C:\Users\koloz\Documents\Files\Iskola\2024-25\web\school_OOP\app\Controllers\ClassController.php(11): App\Models\ClassModel->__construct()
#4 C:\Users\koloz\Documents\Files\Iskola\2024-25\web\school_OOP\app\Routing\Router.php(57): App\Controllers\ClassController->__construct()
#5 C:\Users\koloz\Documents\Files\Iskola\2024-25\web\school_OOP\app\Routing\Router.php(30): App\Routing\Router->handleGetRequests('/classes')
#6 C:\Users\koloz\Documents\Files\Iskola\2024-25\web\school_OOP\app\Routing\Router.php(23): App\Routing\Router->dispatch('GET', '/classes')
#7 C:\Users\koloz\Documents\Files\Iskola\2024-25\web\school_OOP\Public\index.php(11): App\Routing\Router->handle()
#8 {main}
  thrown in C:\Users\koloz\Documents\Files\Iskola\2024-25\web\school_OOP\app\Database\Database.php on line 36
[09-Apr-2025 12:16:32 UTC] could not find driver
[09-Apr-2025 12:16:32 UTC] PHP Fatal error:  Uncaught RuntimeException: Database connection error. in C:\Users\koloz\Documents\Files\Iskola\2024-25\web\school_OOP\app\Database\Database.php:36
Stack trace:
#0 C:\Users\koloz\Documents\Files\Iskola\2024-25\web\school_OOP\app\Database\Database.php(43): App\Database\Database->__construct(Array)
#1 C:\Users\koloz\Documents\Files\Iskola\2024-25\web\school_OOP\app\Models\Model.php(16): App\Database\Database::getInstance()
#2 C:\Users\koloz\Documents\Files\Iskola\2024-25\web\school_OOP\app\Models\ClassModel.php(13): App\Models\Model->__construct()
#3 C:\Users\koloz\Documents\Files\Iskola\2024-25\web\school_OOP\app\Controllers\ClassController.php(11): App\Models\ClassModel->__construct()
#4 C:\Users\koloz\Documents\Files\Iskola\2024-25\web\school_OOP\app\Routing\Router.php(57): App\Controllers\ClassController->__construct()
#5 C:\Users\koloz\Documents\Files\Iskola\2024-25\web\school_OOP\app\Routing\Router.php(30): App\Routing\Router->handleGetRequests('/classes')
#6 C:\Users\koloz\Documents\Files\Iskola\2024-25\web\school_OOP\app\Routing\Router.php(23): App\Routing\Router->dispatch('GET', '/classes')
#7 C:\Users\koloz\Documents\Files\Iskola\2024-25\web\school_OOP\Public\index.php(11): App\Routing\Router->handle()
#8 {main}
  thrown in C:\Users\koloz\Documents\Files\Iskola\2024-25\web\school_OOP\app\Database\Database.php on line 36
[09-Apr-2025 12:16:33 UTC] could not find driver
[09-Apr-2025 12:16:33 UTC] PHP Fatal error:  Uncaught RuntimeException: Database connection error. in C:\Users\koloz\Documents\Files\Iskola\2024-25\web\school_OOP\app\Database\Database.php:36
Stack trace:
#0 C:\Users\koloz\Documents\Files\Iskola\2024-25\web\school_OOP\app\Database\Database.php(43): App\Database\Database->__construct(Array)
#1 C:\Users\koloz\Documents\Files\Iskola\2024-25\web\school_OOP\app\Models\Model.php(16): App\Database\Database::getInstance()
#2 C:\Users\koloz\Documents\Files\Iskola\2024-25\web\school_OOP\app\Models\ClassModel.php(13): App\Models\Model->__construct()
#3 C:\Users\koloz\Documents\Files\Iskola\2024-25\web\school_OOP\app\Controllers\ClassController.php(11): App\Models\ClassModel->__construct()
#4 C:\Users\koloz\Documents\Files\Iskola\2024-25\web\school_OOP\app\Routing\Router.php(57): App\Controllers\ClassController->__construct()
#5 C:\Users\koloz\Documents\Files\Iskola\2024-25\web\school_OOP\app\Routing\Router.php(30): App\Routing\Router->handleGetRequests('/classes')
#6 C:\Users\koloz\Documents\Files\Iskola\2024-25\web\school_OOP\app\Routing\Router.php(23): App\Routing\Router->dispatch('GET', '/classes')
#7 C:\Users\koloz\Documents\Files\Iskola\2024-25\web\school_OOP\Public\index.php(11): App\Routing\Router->handle()
#8 {main}
  thrown in C:\Users\koloz\Documents\Files\Iskola\2024-25\web\school_OOP\app\Database\Database.php on line 36
[09-Apr-2025 12:16:34 UTC] could not find driver
[09-Apr-2025 12:16:34 UTC] PHP Fatal error:  Uncaught RuntimeException: Database connection error. in C:\Users\koloz\Documents\Files\Iskola\2024-25\web\school_OOP\app\Database\Database.php:36
Stack trace:
#0 C:\Users\koloz\Documents\Files\Iskola\2024-25\web\school_OOP\app\Database\Database.php(43): App\Database\Database->__construct(Array)
#1 C:\Users\koloz\Documents\Files\Iskola\2024-25\web\school_OOP\app\Models\Model.php(16): App\Database\Database::getInstance()
#2 C:\Users\koloz\Documents\Files\Iskola\2024-25\web\school_OOP\app\Models\ClassModel.php(13): App\Models\Model->__construct()
#3 C:\Users\koloz\Documents\Files\Iskola\2024-25\web\school_OOP\app\Controllers\ClassController.php(11): App\Models\ClassModel->__construct()
#4 C:\Users\koloz\Documents\Files\Iskola\2024-25\web\school_OOP\app\Routing\Router.php(57): App\Controllers\ClassController->__construct()
#5 C:\Users\koloz\Documents\Files\Iskola\2024-25\web\school_OOP\app\Routing\Router.php(30): App\Routing\Router->handleGetRequests('/classes')
#6 C:\Users\koloz\Documents\Files\Iskola\2024-25\web\school_OOP\app\Routing\Router.php(23): App\Routing\Router->dispatch('GET', '/classes')
#7 C:\Users\koloz\Documents\Files\Iskola\2024-25\web\school_OOP\Public\index.php(11): App\Routing\Router->handle()
#8 {main}
  thrown in C:\Users\koloz\Documents\Files\Iskola\2024-25\web\school_OOP\app\Database\Database.php on line 36
[09-Apr-2025 12:16:52 UTC] could not find driver
[09-Apr-2025 12:16:52 UTC] PHP Fatal error:  Uncaught RuntimeException: Database connection error. in C:\Users\koloz\Documents\Files\Iskola\2024-25\web\school_OOP\app\Database\Database.php:36
Stack trace:
#0 C:\Users\koloz\Documents\Files\Iskola\2024-25\web\school_OOP\app\Database\Database.php(43): App\Database\Database->__construct(Array)
#1 C:\Users\koloz\Documents\Files\Iskola\2024-25\web\school_OOP\app\Models\Model.php(16): App\Database\Database::getInstance()
#2 C:\Users\koloz\Documents\Files\Iskola\2024-25\web\school_OOP\app\Models\ClassModel.php(13): App\Models\Model->__construct()
#3 C:\Users\koloz\Documents\Files\Iskola\2024-25\web\school_OOP\app\Controllers\ClassController.php(11): App\Models\ClassModel->__construct()
#4 C:\Users\koloz\Documents\Files\Iskola\2024-25\web\school_OOP\app\Routing\Router.php(57): App\Controllers\ClassController->__construct()
#5 C:\Users\koloz\Documents\Files\Iskola\2024-25\web\school_OOP\app\Routing\Router.php(30): App\Routing\Router->handleGetRequests('/classes')
#6 C:\Users\koloz\Documents\Files\Iskola\2024-25\web\school_OOP\app\Routing\Router.php(23): App\Routing\Router->dispatch('GET', '/classes')
#7 C:\Users\koloz\Documents\Files\Iskola\2024-25\web\school_OOP\Public\index.php(11): App\Routing\Router->handle()
#8 {main}
  thrown in C:\Users\koloz\Documents\Files\Iskola\2024-25\web\school_OOP\app\Database\Database.php on line 36
[09-Apr-2025 12:18:47 UTC] could not find driver
[09-Apr-2025 12:18:47 UTC] PHP Fatal error:  Uncaught RuntimeException: Database connection error. in C:\Users\koloz\Documents\Files\Iskola\2024-25\web\school_OOP\app\Database\Database.php:36
Stack trace:
#0 C:\Users\koloz\Documents\Files\Iskola\2024-25\web\school_OOP\app\Database\Database.php(43): App\Database\Database->__construct(Array)
#1 C:\Users\koloz\Documents\Files\Iskola\2024-25\web\school_OOP\app\Models\Model.php(16): App\Database\Database::getInstance()
#2 C:\Users\koloz\Documents\Files\Iskola\2024-25\web\school_OOP\app\Models\ClassModel.php(13): App\Models\Model->__construct()
#3 C:\Users\koloz\Documents\Files\Iskola\2024-25\web\school_OOP\app\Controllers\ClassController.php(11): App\Models\ClassModel->__construct()
#4 C:\Users\koloz\Documents\Files\Iskola\2024-25\web\school_OOP\app\Routing\Router.php(57): App\Controllers\ClassController->__construct()
#5 C:\Users\koloz\Documents\Files\Iskola\2024-25\web\school_OOP\app\Routing\Router.php(30): App\Routing\Router->handleGetRequests('/classes')
#6 C:\Users\koloz\Documents\Files\Iskola\2024-25\web\school_OOP\app\Routing\Router.php(23): App\Routing\Router->dispatch('GET', '/classes')
#7 C:\Users\koloz\Documents\Files\Iskola\2024-25\web\school_OOP\Public\index.php(11): App\Routing\Router->handle()
#8 {main}
  thrown in C:\Users\koloz\Documents\Files\Iskola\2024-25\web\school_OOP\app\Database\Database.php on line 36
[09-Apr-2025 12:18:48 UTC] could not find driver
[09-Apr-2025 12:18:48 UTC] PHP Fatal error:  Uncaught RuntimeException: Database connection error. in C:\Users\koloz\Documents\Files\Iskola\2024-25\web\school_OOP\app\Database\Database.php:36
Stack trace:
#0 C:\Users\koloz\Documents\Files\Iskola\2024-25\web\school_OOP\app\Database\Database.php(43): App\Database\Database->__construct(Array)
#1 C:\Users\koloz\Documents\Files\Iskola\2024-25\web\school_OOP\app\Models\Model.php(16): App\Database\Database::getInstance()
#2 C:\Users\koloz\Documents\Files\Iskola\2024-25\web\school_OOP\app\Models\ClassModel.php(13): App\Models\Model->__construct()
#3 C:\Users\koloz\Documents\Files\Iskola\2024-25\web\school_OOP\app\Controllers\ClassController.php(11): App\Models\ClassModel->__construct()
#4 C:\Users\koloz\Documents\Files\Iskola\2024-25\web\school_OOP\app\Routing\Router.php(57): App\Controllers\ClassController->__construct()
#5 C:\Users\koloz\Documents\Files\Iskola\2024-25\web\school_OOP\app\Routing\Router.php(30): App\Routing\Router->handleGetRequests('/classes')
#6 C:\Users\koloz\Documents\Files\Iskola\2024-25\web\school_OOP\app\Routing\Router.php(23): App\Routing\Router->dispatch('GET', '/classes')
#7 C:\Users\koloz\Documents\Files\Iskola\2024-25\web\school_OOP\Public\index.php(11): App\Routing\Router->handle()
#8 {main}
  thrown in C:\Users\koloz\Documents\Files\Iskola\2024-25\web\school_OOP\app\Database\Database.php on line 36
[09-Apr-2025 12:18:50 UTC] could not find driver
[09-Apr-2025 12:18:50 UTC] PHP Fatal error:  Uncaught RuntimeException: Database connection error. in C:\Users\koloz\Documents\Files\Iskola\2024-25\web\school_OOP\app\Database\Database.php:36
Stack trace:
#0 C:\Users\koloz\Documents\Files\Iskola\2024-25\web\school_OOP\app\Database\Database.php(43): App\Database\Database->__construct(Array)
#1 C:\Users\koloz\Documents\Files\Iskola\2024-25\web\school_OOP\app\Models\Model.php(16): App\Database\Database::getInstance()
#2 C:\Users\koloz\Documents\Files\Iskola\2024-25\web\school_OOP\app\Models\Subject.php(12): App\Models\Model->__construct()
#3 C:\Users\koloz\Documents\Files\Iskola\2024-25\web\school_OOP\app\Controllers\SubjectController.php(10): App\Models\Subject->__construct()
#4 C:\Users\koloz\Documents\Files\Iskola\2024-25\web\school_OOP\app\Routing\Router.php(53): App\Controllers\SubjectController->__construct()
#5 C:\Users\koloz\Documents\Files\Iskola\2024-25\web\school_OOP\app\Routing\Router.php(30): App\Routing\Router->handleGetRequests('/subjects')
#6 C:\Users\koloz\Documents\Files\Iskola\2024-25\web\school_OOP\app\Routing\Router.php(23): App\Routing\Router->dispatch('GET', '/subjects')
#7 C:\Users\koloz\Documents\Files\Iskola\2024-25\web\school_OOP\Public\index.php(11): App\Routing\Router->handle()
#8 {main}
  thrown in C:\Users\koloz\Documents\Files\Iskola\2024-25\web\school_OOP\app\Database\Database.php on line 36
[09-Apr-2025 12:18:52 UTC] could not find driver
[09-Apr-2025 12:18:52 UTC] PHP Fatal error:  Uncaught RuntimeException: Database connection error. in C:\Users\koloz\Documents\Files\Iskola\2024-25\web\school_OOP\app\Database\Database.php:36
Stack trace:
#0 C:\Users\koloz\Documents\Files\Iskola\2024-25\web\school_OOP\app\Database\Database.php(43): App\Database\Database->__construct(Array)
#1 C:\Users\koloz\Documents\Files\Iskola\2024-25\web\school_OOP\app\Models\Model.php(16): App\Database\Database::getInstance()
#2 C:\Users\koloz\Documents\Files\Iskola\2024-25\web\school_OOP\app\Models\ClassModel.php(13): App\Models\Model->__construct()
#3 C:\Users\koloz\Documents\Files\Iskola\2024-25\web\school_OOP\app\Controllers\ClassController.php(11): App\Models\ClassModel->__construct()
#4 C:\Users\koloz\Documents\Files\Iskola\2024-25\web\school_OOP\app\Routing\Router.php(57): App\Controllers\ClassController->__construct()
#5 C:\Users\koloz\Documents\Files\Iskola\2024-25\web\school_OOP\app\Routing\Router.php(30): App\Routing\Router->handleGetRequests('/classes')
#6 C:\Users\koloz\Documents\Files\Iskola\2024-25\web\school_OOP\app\Routing\Router.php(23): App\Routing\Router->dispatch('GET', '/classes')
#7 C:\Users\koloz\Documents\Files\Iskola\2024-25\web\school_OOP\Public\index.php(11): App\Routing\Router->handle()
#8 {main}
  thrown in C:\Users\koloz\Documents\Files\Iskola\2024-25\web\school_OOP\app\Database\Database.php on line 36
[09-Apr-2025 12:21:02 UTC] could not find driver
[09-Apr-2025 12:21:02 UTC] PHP Fatal error:  Uncaught RuntimeException: Database connection error. in C:\Users\koloz\Documents\Files\Iskola\2024-25\web\school_OOP\app\Database\Database.php:36
Stack trace:
#0 C:\Users\koloz\Documents\Files\Iskola\2024-25\web\school_OOP\app\Database\Database.php(43): App\Database\Database->__construct(Array)
#1 C:\Users\koloz\Documents\Files\Iskola\2024-25\web\school_OOP\app\Models\Model.php(16): App\Database\Database::getInstance(Array)
#2 C:\Users\koloz\Documents\Files\Iskola\2024-25\web\school_OOP\app\Models\ClassModel.php(13): App\Models\Model->__construct()
#3 C:\Users\koloz\Documents\Files\Iskola\2024-25\web\school_OOP\app\Controllers\ClassController.php(11): App\Models\ClassModel->__construct()
#4 C:\Users\koloz\Documents\Files\Iskola\2024-25\web\school_OOP\app\Routing\Router.php(57): App\Controllers\ClassController->__construct()
#5 C:\Users\koloz\Documents\Files\Iskola\2024-25\web\school_OOP\app\Routing\Router.php(30): App\Routing\Router->handleGetRequests('/classes')
#6 C:\Users\koloz\Documents\Files\Iskola\2024-25\web\school_OOP\app\Routing\Router.php(23): App\Routing\Router->dispatch('GET', '/classes')
#7 C:\Users\koloz\Documents\Files\Iskola\2024-25\web\school_OOP\Public\index.php(11): App\Routing\Router->handle()
#8 {main}
  thrown in C:\Users\koloz\Documents\Files\Iskola\2024-25\web\school_OOP\app\Database\Database.php on line 36
[09-Apr-2025 12:21:03 UTC] could not find driver
[09-Apr-2025 12:21:03 UTC] PHP Fatal error:  Uncaught RuntimeException: Database connection error. in C:\Users\koloz\Documents\Files\Iskola\2024-25\web\school_OOP\app\Database\Database.php:36
Stack trace:
#0 C:\Users\koloz\Documents\Files\Iskola\2024-25\web\school_OOP\app\Database\Database.php(43): App\Database\Database->__construct(Array)
#1 C:\Users\koloz\Documents\Files\Iskola\2024-25\web\school_OOP\app\Models\Model.php(16): App\Database\Database::getInstance(Array)
#2 C:\Users\koloz\Documents\Files\Iskola\2024-25\web\school_OOP\app\Models\ClassModel.php(13): App\Models\Model->__construct()
#3 C:\Users\koloz\Documents\Files\Iskola\2024-25\web\school_OOP\app\Controllers\ClassController.php(11): App\Models\ClassModel->__construct()
#4 C:\Users\koloz\Documents\Files\Iskola\2024-25\web\school_OOP\app\Routing\Router.php(57): App\Controllers\ClassController->__construct()
#5 C:\Users\koloz\Documents\Files\Iskola\2024-25\web\school_OOP\app\Routing\Router.php(30): App\Routing\Router->handleGetRequests('/classes')
#6 C:\Users\koloz\Documents\Files\Iskola\2024-25\web\school_OOP\app\Routing\Router.php(23): App\Routing\Router->dispatch('GET', '/classes')
#7 C:\Users\koloz\Documents\Files\Iskola\2024-25\web\school_OOP\Public\index.php(11): App\Routing\Router->handle()
#8 {main}
  thrown in C:\Users\koloz\Documents\Files\Iskola\2024-25\web\school_OOP\app\Database\Database.php on line 36
[09-Apr-2025 12:21:10 UTC] could not find driver
[09-Apr-2025 12:21:10 UTC] PHP Fatal error:  Uncaught RuntimeException: Database connection error. in C:\Users\koloz\Documents\Files\Iskola\2024-25\web\school_OOP\app\Database\Database.php:36
Stack trace:
#0 C:\Users\koloz\Documents\Files\Iskola\2024-25\web\school_OOP\app\Database\Database.php(43): App\Database\Database->__construct(Array)
#1 C:\Users\koloz\Documents\Files\Iskola\2024-25\web\school_OOP\app\Models\Model.php(16): App\Database\Database::getInstance()
#2 C:\Users\koloz\Documents\Files\Iskola\2024-25\web\school_OOP\app\Models\ClassModel.php(13): App\Models\Model->__construct()
#3 C:\Users\koloz\Documents\Files\Iskola\2024-25\web\school_OOP\app\Controllers\ClassController.php(11): App\Models\ClassModel->__construct()
#4 C:\Users\koloz\Documents\Files\Iskola\2024-25\web\school_OOP\app\Routing\Router.php(57): App\Controllers\ClassController->__construct()
#5 C:\Users\koloz\Documents\Files\Iskola\2024-25\web\school_OOP\app\Routing\Router.php(30): App\Routing\Router->handleGetRequests('/classes')
#6 C:\Users\koloz\Documents\Files\Iskola\2024-25\web\school_OOP\app\Routing\Router.php(23): App\Routing\Router->dispatch('GET', '/classes')
#7 C:\Users\koloz\Documents\Files\Iskola\2024-25\web\school_OOP\Public\index.php(11): App\Routing\Router->handle()
#8 {main}
  thrown in C:\Users\koloz\Documents\Files\Iskola\2024-25\web\school_OOP\app\Database\Database.php on line 36
[09-Apr-2025 12:21:13 UTC] could not find driver
[09-Apr-2025 12:21:13 UTC] PHP Fatal error:  Uncaught RuntimeException: Database connection error. in C:\Users\koloz\Documents\Files\Iskola\2024-25\web\school_OOP\app\Database\Database.php:36
Stack trace:
#0 C:\Users\koloz\Documents\Files\Iskola\2024-25\web\school_OOP\app\Database\Database.php(43): App\Database\Database->__construct(Array)
#1 C:\Users\koloz\Documents\Files\Iskola\2024-25\web\school_OOP\app\Models\Model.php(16): App\Database\Database::getInstance(Array)
#2 C:\Users\koloz\Documents\Files\Iskola\2024-25\web\school_OOP\app\Models\ClassModel.php(13): App\Models\Model->__construct()
#3 C:\Users\koloz\Documents\Files\Iskola\2024-25\web\school_OOP\app\Controllers\ClassController.php(11): App\Models\ClassModel->__construct()
#4 C:\Users\koloz\Documents\Files\Iskola\2024-25\web\school_OOP\app\Routing\Router.php(57): App\Controllers\ClassController->__construct()
#5 C:\Users\koloz\Documents\Files\Iskola\2024-25\web\school_OOP\app\Routing\Router.php(30): App\Routing\Router->handleGetRequests('/classes')
#6 C:\Users\koloz\Documents\Files\Iskola\2024-25\web\school_OOP\app\Routing\Router.php(23): App\Routing\Router->dispatch('GET', '/classes')
#7 C:\Users\koloz\Documents\Files\Iskola\2024-25\web\school_OOP\Public\index.php(11): App\Routing\Router->handle()
#8 {main}
  thrown in C:\Users\koloz\Documents\Files\Iskola\2024-25\web\school_OOP\app\Database\Database.php on line 36
[09-Apr-2025 12:21:18 UTC] could not find driver
[09-Apr-2025 12:21:18 UTC] PHP Fatal error:  Uncaught RuntimeException: Database connection error. in C:\Users\koloz\Documents\Files\Iskola\2024-25\web\school_OOP\app\Database\Database.php:36
Stack trace:
#0 C:\Users\koloz\Documents\Files\Iskola\2024-25\web\school_OOP\app\Database\Database.php(43): App\Database\Database->__construct(Array)
#1 C:\Users\koloz\Documents\Files\Iskola\2024-25\web\school_OOP\app\Models\Model.php(16): App\Database\Database::getInstance()
#2 C:\Users\koloz\Documents\Files\Iskola\2024-25\web\school_OOP\app\Models\ClassModel.php(13): App\Models\Model->__construct()
#3 C:\Users\koloz\Documents\Files\Iskola\2024-25\web\school_OOP\app\Controllers\ClassController.php(11): App\Models\ClassModel->__construct()
#4 C:\Users\koloz\Documents\Files\Iskola\2024-25\web\school_OOP\app\Routing\Router.php(57): App\Controllers\ClassController->__construct()
#5 C:\Users\koloz\Documents\Files\Iskola\2024-25\web\school_OOP\app\Routing\Router.php(30): App\Routing\Router->handleGetRequests('/classes')
#6 C:\Users\koloz\Documents\Files\Iskola\2024-25\web\school_OOP\app\Routing\Router.php(23): App\Routing\Router->dispatch('GET', '/classes')
#7 C:\Users\koloz\Documents\Files\Iskola\2024-25\web\school_OOP\Public\index.php(11): App\Routing\Router->handle()
#8 {main}
  thrown in C:\Users\koloz\Documents\Files\Iskola\2024-25\web\school_OOP\app\Database\Database.php on line 36
[09-Apr-2025 12:22:42 UTC] could not find driver
[09-Apr-2025 12:22:42 UTC] PHP Fatal error:  Uncaught RuntimeException: Database connection error. in C:\Users\koloz\Documents\Files\Iskola\2024-25\web\school_OOP\app\Database\Database.php:36
Stack trace:
#0 C:\Users\koloz\Documents\Files\Iskola\2024-25\web\school_OOP\app\Database\Database.php(43): App\Database\Database->__construct(Array)
#1 C:\Users\koloz\Documents\Files\Iskola\2024-25\web\school_OOP\app\Models\Model.php(16): App\Database\Database::getInstance()
#2 C:\Users\koloz\Documents\Files\Iskola\2024-25\web\school_OOP\app\Models\ClassModel.php(13): App\Models\Model->__construct()
#3 C:\Users\koloz\Documents\Files\Iskola\2024-25\web\school_OOP\app\Controllers\ClassController.php(11): App\Models\ClassModel->__construct()
#4 C:\Users\koloz\Documents\Files\Iskola\2024-25\web\school_OOP\app\Routing\Router.php(57): App\Controllers\ClassController->__construct()
#5 C:\Users\koloz\Documents\Files\Iskola\2024-25\web\school_OOP\app\Routing\Router.php(30): App\Routing\Router->handleGetRequests('/classes')
#6 C:\Users\koloz\Documents\Files\Iskola\2024-25\web\school_OOP\app\Routing\Router.php(23): App\Routing\Router->dispatch('GET', '/classes')
#7 C:\Users\koloz\Documents\Files\Iskola\2024-25\web\school_OOP\Public\index.php(11): App\Routing\Router->handle()
#8 {main}
  thrown in C:\Users\koloz\Documents\Files\Iskola\2024-25\web\school_OOP\app\Database\Database.php on line 36
[09-Apr-2025 12:22:43 UTC] could not find driver
[09-Apr-2025 12:22:43 UTC] PHP Fatal error:  Uncaught RuntimeException: Database connection error. in C:\Users\koloz\Documents\Files\Iskola\2024-25\web\school_OOP\app\Database\Database.php:36
Stack trace:
#0 C:\Users\koloz\Documents\Files\Iskola\2024-25\web\school_OOP\app\Database\Database.php(43): App\Database\Database->__construct(Array)
#1 C:\Users\koloz\Documents\Files\Iskola\2024-25\web\school_OOP\app\Models\Model.php(16): App\Database\Database::getInstance()
#2 C:\Users\koloz\Documents\Files\Iskola\2024-25\web\school_OOP\app\Models\ClassModel.php(13): App\Models\Model->__construct()
#3 C:\Users\koloz\Documents\Files\Iskola\2024-25\web\school_OOP\app\Controllers\ClassController.php(11): App\Models\ClassModel->__construct()
#4 C:\Users\koloz\Documents\Files\Iskola\2024-25\web\school_OOP\app\Routing\Router.php(57): App\Controllers\ClassController->__construct()
#5 C:\Users\koloz\Documents\Files\Iskola\2024-25\web\school_OOP\app\Routing\Router.php(30): App\Routing\Router->handleGetRequests('/classes')
#6 C:\Users\koloz\Documents\Files\Iskola\2024-25\web\school_OOP\app\Routing\Router.php(23): App\Routing\Router->dispatch('GET', '/classes')
#7 C:\Users\koloz\Documents\Files\Iskola\2024-25\web\school_OOP\Public\index.php(11): App\Routing\Router->handle()
#8 {main}
  thrown in C:\Users\koloz\Documents\Files\Iskola\2024-25\web\school_OOP\app\Database\Database.php on line 36
[09-Apr-2025 12:23:17 UTC] could not find driver
[09-Apr-2025 12:23:17 UTC] PHP Fatal error:  Uncaught RuntimeException: Database connection error. in C:\Users\koloz\Documents\Files\Iskola\2024-25\web\school_OOP\app\Database\Database.php:36
Stack trace:
#0 C:\Users\koloz\Documents\Files\Iskola\2024-25\web\school_OOP\app\Database\Database.php(43): App\Database\Database->__construct(Array)
#1 C:\Users\koloz\Documents\Files\Iskola\2024-25\web\school_OOP\app\Models\Model.php(16): App\Database\Database::getInstance()
#2 C:\Users\koloz\Documents\Files\Iskola\2024-25\web\school_OOP\app\Models\ClassModel.php(13): App\Models\Model->__construct()
#3 C:\Users\koloz\Documents\Files\Iskola\2024-25\web\school_OOP\app\Controllers\ClassController.php(11): App\Models\ClassModel->__construct()
#4 C:\Users\koloz\Documents\Files\Iskola\2024-25\web\school_OOP\app\Routing\Router.php(57): App\Controllers\ClassController->__construct()
#5 C:\Users\koloz\Documents\Files\Iskola\2024-25\web\school_OOP\app\Routing\Router.php(30): App\Routing\Router->handleGetRequests('/classes')
#6 C:\Users\koloz\Documents\Files\Iskola\2024-25\web\school_OOP\app\Routing\Router.php(23): App\Routing\Router->dispatch('GET', '/classes')
#7 C:\Users\koloz\Documents\Files\Iskola\2024-25\web\school_OOP\Public\index.php(11): App\Routing\Router->handle()
#8 {main}
  thrown in C:\Users\koloz\Documents\Files\Iskola\2024-25\web\school_OOP\app\Database\Database.php on line 36
[09-Apr-2025 12:23:17 UTC] could not find driver
[09-Apr-2025 12:23:17 UTC] PHP Fatal error:  Uncaught RuntimeException: Database connection error. in C:\Users\koloz\Documents\Files\Iskola\2024-25\web\school_OOP\app\Database\Database.php:36
Stack trace:
#0 C:\Users\koloz\Documents\Files\Iskola\2024-25\web\school_OOP\app\Database\Database.php(43): App\Database\Database->__construct(Array)
#1 C:\Users\koloz\Documents\Files\Iskola\2024-25\web\school_OOP\app\Models\Model.php(16): App\Database\Database::getInstance()
#2 C:\Users\koloz\Documents\Files\Iskola\2024-25\web\school_OOP\app\Models\ClassModel.php(13): App\Models\Model->__construct()
#3 C:\Users\koloz\Documents\Files\Iskola\2024-25\web\school_OOP\app\Controllers\ClassController.php(11): App\Models\ClassModel->__construct()
#4 C:\Users\koloz\Documents\Files\Iskola\2024-25\web\school_OOP\app\Routing\Router.php(57): App\Controllers\ClassController->__construct()
#5 C:\Users\koloz\Documents\Files\Iskola\2024-25\web\school_OOP\app\Routing\Router.php(30): App\Routing\Router->handleGetRequests('/classes')
#6 C:\Users\koloz\Documents\Files\Iskola\2024-25\web\school_OOP\app\Routing\Router.php(23): App\Routing\Router->dispatch('GET', '/classes')
#7 C:\Users\koloz\Documents\Files\Iskola\2024-25\web\school_OOP\Public\index.php(11): App\Routing\Router->handle()
#8 {main}
  thrown in C:\Users\koloz\Documents\Files\Iskola\2024-25\web\school_OOP\app\Database\Database.php on line 36
[09-Apr-2025 12:24:04 UTC] could not find driver
[09-Apr-2025 12:24:04 UTC] PHP Fatal error:  Uncaught RuntimeException: Database connection error. in C:\Users\koloz\Documents\Files\Iskola\2024-25\web\school_OOP\app\Database\Database.php:36
Stack trace:
#0 C:\Users\koloz\Documents\Files\Iskola\2024-25\web\school_OOP\app\Database\Database.php(43): App\Database\Database->__construct(Array)
#1 C:\Users\koloz\Documents\Files\Iskola\2024-25\web\school_OOP\app\Models\Model.php(16): App\Database\Database::getInstance()
#2 C:\Users\koloz\Documents\Files\Iskola\2024-25\web\school_OOP\app\Models\ClassModel.php(13): App\Models\Model->__construct()
#3 C:\Users\koloz\Documents\Files\Iskola\2024-25\web\school_OOP\app\Controllers\ClassController.php(11): App\Models\ClassModel->__construct()
#4 C:\Users\koloz\Documents\Files\Iskola\2024-25\web\school_OOP\app\Routing\Router.php(57): App\Controllers\ClassController->__construct()
#5 C:\Users\koloz\Documents\Files\Iskola\2024-25\web\school_OOP\app\Routing\Router.php(30): App\Routing\Router->handleGetRequests('/classes')
#6 C:\Users\koloz\Documents\Files\Iskola\2024-25\web\school_OOP\app\Routing\Router.php(23): App\Routing\Router->dispatch('GET', '/classes')
#7 C:\Users\koloz\Documents\Files\Iskola\2024-25\web\school_OOP\Public\index.php(11): App\Routing\Router->handle()
#8 {main}
  thrown in C:\Users\koloz\Documents\Files\Iskola\2024-25\web\school_OOP\app\Database\Database.php on line 36
[09-Apr-2025 12:24:04 UTC] could not find driver
[09-Apr-2025 12:24:04 UTC] PHP Fatal error:  Uncaught RuntimeException: Database connection error. in C:\Users\koloz\Documents\Files\Iskola\2024-25\web\school_OOP\app\Database\Database.php:36
Stack trace:
#0 C:\Users\koloz\Documents\Files\Iskola\2024-25\web\school_OOP\app\Database\Database.php(43): App\Database\Database->__construct(Array)
#1 C:\Users\koloz\Documents\Files\Iskola\2024-25\web\school_OOP\app\Models\Model.php(16): App\Database\Database::getInstance()
#2 C:\Users\koloz\Documents\Files\Iskola\2024-25\web\school_OOP\app\Models\ClassModel.php(13): App\Models\Model->__construct()
#3 C:\Users\koloz\Documents\Files\Iskola\2024-25\web\school_OOP\app\Controllers\ClassController.php(11): App\Models\ClassModel->__construct()
#4 C:\Users\koloz\Documents\Files\Iskola\2024-25\web\school_OOP\app\Routing\Router.php(57): App\Controllers\ClassController->__construct()
#5 C:\Users\koloz\Documents\Files\Iskola\2024-25\web\school_OOP\app\Routing\Router.php(30): App\Routing\Router->handleGetRequests('/classes')
#6 C:\Users\koloz\Documents\Files\Iskola\2024-25\web\school_OOP\app\Routing\Router.php(23): App\Routing\Router->dispatch('GET', '/classes')
#7 C:\Users\koloz\Documents\Files\Iskola\2024-25\web\school_OOP\Public\index.php(11): App\Routing\Router->handle()
#8 {main}
  thrown in C:\Users\koloz\Documents\Files\Iskola\2024-25\web\school_OOP\app\Database\Database.php on line 36
[09-Apr-2025 12:24:04 UTC] could not find driver
[09-Apr-2025 12:24:04 UTC] PHP Fatal error:  Uncaught RuntimeException: Database connection error. in C:\Users\koloz\Documents\Files\Iskola\2024-25\web\school_OOP\app\Database\Database.php:36
Stack trace:
#0 C:\Users\koloz\Documents\Files\Iskola\2024-25\web\school_OOP\app\Database\Database.php(43): App\Database\Database->__construct(Array)
#1 C:\Users\koloz\Documents\Files\Iskola\2024-25\web\school_OOP\app\Models\Model.php(16): App\Database\Database::getInstance()
#2 C:\Users\koloz\Documents\Files\Iskola\2024-25\web\school_OOP\app\Models\ClassModel.php(13): App\Models\Model->__construct()
#3 C:\Users\koloz\Documents\Files\Iskola\2024-25\web\school_OOP\app\Controllers\ClassController.php(11): App\Models\ClassModel->__construct()
#4 C:\Users\koloz\Documents\Files\Iskola\2024-25\web\school_OOP\app\Routing\Router.php(57): App\Controllers\ClassController->__construct()
#5 C:\Users\koloz\Documents\Files\Iskola\2024-25\web\school_OOP\app\Routing\Router.php(30): App\Routing\Router->handleGetRequests('/classes')
#6 C:\Users\koloz\Documents\Files\Iskola\2024-25\web\school_OOP\app\Routing\Router.php(23): App\Routing\Router->dispatch('GET', '/classes')
#7 C:\Users\koloz\Documents\Files\Iskola\2024-25\web\school_OOP\Public\index.php(11): App\Routing\Router->handle()
#8 {main}
  thrown in C:\Users\koloz\Documents\Files\Iskola\2024-25\web\school_OOP\app\Database\Database.php on line 36
[09-Apr-2025 12:24:04 UTC] could not find driver
[09-Apr-2025 12:24:04 UTC] PHP Fatal error:  Uncaught RuntimeException: Database connection error. in C:\Users\koloz\Documents\Files\Iskola\2024-25\web\school_OOP\app\Database\Database.php:36
Stack trace:
#0 C:\Users\koloz\Documents\Files\Iskola\2024-25\web\school_OOP\app\Database\Database.php(43): App\Database\Database->__construct(Array)
#1 C:\Users\koloz\Documents\Files\Iskola\2024-25\web\school_OOP\app\Models\Model.php(16): App\Database\Database::getInstance()
#2 C:\Users\koloz\Documents\Files\Iskola\2024-25\web\school_OOP\app\Models\ClassModel.php(13): App\Models\Model->__construct()
#3 C:\Users\koloz\Documents\Files\Iskola\2024-25\web\school_OOP\app\Controllers\ClassController.php(11): App\Models\ClassModel->__construct()
#4 C:\Users\koloz\Documents\Files\Iskola\2024-25\web\school_OOP\app\Routing\Router.php(57): App\Controllers\ClassController->__construct()
#5 C:\Users\koloz\Documents\Files\Iskola\2024-25\web\school_OOP\app\Routing\Router.php(30): App\Routing\Router->handleGetRequests('/classes')
#6 C:\Users\koloz\Documents\Files\Iskola\2024-25\web\school_OOP\app\Routing\Router.php(23): App\Routing\Router->dispatch('GET', '/classes')
#7 C:\Users\koloz\Documents\Files\Iskola\2024-25\web\school_OOP\Public\index.php(11): App\Routing\Router->handle()
#8 {main}
  thrown in C:\Users\koloz\Documents\Files\Iskola\2024-25\web\school_OOP\app\Database\Database.php on line 36
[09-Apr-2025 12:25:04 UTC] could not find driver
[09-Apr-2025 12:25:04 UTC] PHP Fatal error:  Uncaught RuntimeException: Database connection error. in C:\Users\koloz\Documents\Files\Iskola\2024-25\web\school_OOP\app\Database\Database.php:36
Stack trace:
#0 C:\Users\koloz\Documents\Files\Iskola\2024-25\web\school_OOP\app\Database\Database.php(43): App\Database\Database->__construct(Array)
#1 C:\Users\koloz\Documents\Files\Iskola\2024-25\web\school_OOP\app\Models\Model.php(16): App\Database\Database::getInstance()
#2 C:\Users\koloz\Documents\Files\Iskola\2024-25\web\school_OOP\app\Models\ClassModel.php(13): App\Models\Model->__construct()
#3 C:\Users\koloz\Documents\Files\Iskola\2024-25\web\school_OOP\app\Controllers\ClassController.php(11): App\Models\ClassModel->__construct()
#4 C:\Users\koloz\Documents\Files\Iskola\2024-25\web\school_OOP\app\Routing\Router.php(57): App\Controllers\ClassController->__construct()
#5 C:\Users\koloz\Documents\Files\Iskola\2024-25\web\school_OOP\app\Routing\Router.php(30): App\Routing\Router->handleGetRequests('/classes')
#6 C:\Users\koloz\Documents\Files\Iskola\2024-25\web\school_OOP\app\Routing\Router.php(23): App\Routing\Router->dispatch('GET', '/classes')
#7 C:\Users\koloz\Documents\Files\Iskola\2024-25\web\school_OOP\Public\index.php(11): App\Routing\Router->handle()
#8 {main}
  thrown in C:\Users\koloz\Documents\Files\Iskola\2024-25\web\school_OOP\app\Database\Database.php on line 36
[09-Apr-2025 12:25:05 UTC] could not find driver
[09-Apr-2025 12:25:05 UTC] PHP Fatal error:  Uncaught RuntimeException: Database connection error. in C:\Users\koloz\Documents\Files\Iskola\2024-25\web\school_OOP\app\Database\Database.php:36
Stack trace:
#0 C:\Users\koloz\Documents\Files\Iskola\2024-25\web\school_OOP\app\Database\Database.php(43): App\Database\Database->__construct(Array)
#1 C:\Users\koloz\Documents\Files\Iskola\2024-25\web\school_OOP\app\Models\Model.php(16): App\Database\Database::getInstance()
#2 C:\Users\koloz\Documents\Files\Iskola\2024-25\web\school_OOP\app\Models\ClassModel.php(13): App\Models\Model->__construct()
#3 C:\Users\koloz\Documents\Files\Iskola\2024-25\web\school_OOP\app\Controllers\ClassController.php(11): App\Models\ClassModel->__construct()
#4 C:\Users\koloz\Documents\Files\Iskola\2024-25\web\school_OOP\app\Routing\Router.php(57): App\Controllers\ClassController->__construct()
#5 C:\Users\koloz\Documents\Files\Iskola\2024-25\web\school_OOP\app\Routing\Router.php(30): App\Routing\Router->handleGetRequests('/classes')
#6 C:\Users\koloz\Documents\Files\Iskola\2024-25\web\school_OOP\app\Routing\Router.php(23): App\Routing\Router->dispatch('GET', '/classes')
#7 C:\Users\koloz\Documents\Files\Iskola\2024-25\web\school_OOP\Public\index.php(11): App\Routing\Router->handle()
#8 {main}
  thrown in C:\Users\koloz\Documents\Files\Iskola\2024-25\web\school_OOP\app\Database\Database.php on line 36
[09-Apr-2025 12:25:06 UTC] could not find driver
[09-Apr-2025 12:25:06 UTC] PHP Fatal error:  Uncaught RuntimeException: Database connection error. in C:\Users\koloz\Documents\Files\Iskola\2024-25\web\school_OOP\app\Database\Database.php:36
Stack trace:
#0 C:\Users\koloz\Documents\Files\Iskola\2024-25\web\school_OOP\app\Database\Database.php(43): App\Database\Database->__construct(Array)
#1 C:\Users\koloz\Documents\Files\Iskola\2024-25\web\school_OOP\app\Models\Model.php(16): App\Database\Database::getInstance()
#2 C:\Users\koloz\Documents\Files\Iskola\2024-25\web\school_OOP\app\Models\ClassModel.php(13): App\Models\Model->__construct()
#3 C:\Users\koloz\Documents\Files\Iskola\2024-25\web\school_OOP\app\Controllers\ClassController.php(11): App\Models\ClassModel->__construct()
#4 C:\Users\koloz\Documents\Files\Iskola\2024-25\web\school_OOP\app\Routing\Router.php(57): App\Controllers\ClassController->__construct()
#5 C:\Users\koloz\Documents\Files\Iskola\2024-25\web\school_OOP\app\Routing\Router.php(30): App\Routing\Router->handleGetRequests('/classes')
#6 C:\Users\koloz\Documents\Files\Iskola\2024-25\web\school_OOP\app\Routing\Router.php(23): App\Routing\Router->dispatch('GET', '/classes')
#7 C:\Users\koloz\Documents\Files\Iskola\2024-25\web\school_OOP\Public\index.php(11): App\Routing\Router->handle()
#8 {main}
  thrown in C:\Users\koloz\Documents\Files\Iskola\2024-25\web\school_OOP\app\Database\Database.php on line 36
[09-Apr-2025 12:25:07 UTC] could not find driver
[09-Apr-2025 12:25:07 UTC] PHP Fatal error:  Uncaught RuntimeException: Database connection error. in C:\Users\koloz\Documents\Files\Iskola\2024-25\web\school_OOP\app\Database\Database.php:36
Stack trace:
#0 C:\Users\koloz\Documents\Files\Iskola\2024-25\web\school_OOP\app\Database\Database.php(43): App\Database\Database->__construct(Array)
#1 C:\Users\koloz\Documents\Files\Iskola\2024-25\web\school_OOP\app\Models\Model.php(16): App\Database\Database::getInstance()
#2 C:\Users\koloz\Documents\Files\Iskola\2024-25\web\school_OOP\app\Models\ClassModel.php(13): App\Models\Model->__construct()
#3 C:\Users\koloz\Documents\Files\Iskola\2024-25\web\school_OOP\app\Controllers\ClassController.php(11): App\Models\ClassModel->__construct()
#4 C:\Users\koloz\Documents\Files\Iskola\2024-25\web\school_OOP\app\Routing\Router.php(57): App\Controllers\ClassController->__construct()
#5 C:\Users\koloz\Documents\Files\Iskola\2024-25\web\school_OOP\app\Routing\Router.php(30): App\Routing\Router->handleGetRequests('/classes')
#6 C:\Users\koloz\Documents\Files\Iskola\2024-25\web\school_OOP\app\Routing\Router.php(23): App\Routing\Router->dispatch('GET', '/classes')
#7 C:\Users\koloz\Documents\Files\Iskola\2024-25\web\school_OOP\Public\index.php(11): App\Routing\Router->handle()
#8 {main}
  thrown in C:\Users\koloz\Documents\Files\Iskola\2024-25\web\school_OOP\app\Database\Database.php on line 36
[09-Apr-2025 12:25:07 UTC] could not find driver
[09-Apr-2025 12:25:07 UTC] PHP Fatal error:  Uncaught RuntimeException: Database connection error. in C:\Users\koloz\Documents\Files\Iskola\2024-25\web\school_OOP\app\Database\Database.php:36
Stack trace:
#0 C:\Users\koloz\Documents\Files\Iskola\2024-25\web\school_OOP\app\Database\Database.php(43): App\Database\Database->__construct(Array)
#1 C:\Users\koloz\Documents\Files\Iskola\2024-25\web\school_OOP\app\Models\Model.php(16): App\Database\Database::getInstance()
#2 C:\Users\koloz\Documents\Files\Iskola\2024-25\web\school_OOP\app\Models\ClassModel.php(13): App\Models\Model->__construct()
#3 C:\Users\koloz\Documents\Files\Iskola\2024-25\web\school_OOP\app\Controllers\ClassController.php(11): App\Models\ClassModel->__construct()
#4 C:\Users\koloz\Documents\Files\Iskola\2024-25\web\school_OOP\app\Routing\Router.php(57): App\Controllers\ClassController->__construct()
#5 C:\Users\koloz\Documents\Files\Iskola\2024-25\web\school_OOP\app\Routing\Router.php(30): App\Routing\Router->handleGetRequests('/classes')
#6 C:\Users\koloz\Documents\Files\Iskola\2024-25\web\school_OOP\app\Routing\Router.php(23): App\Routing\Router->dispatch('GET', '/classes')
#7 C:\Users\koloz\Documents\Files\Iskola\2024-25\web\school_OOP\Public\index.php(11): App\Routing\Router->handle()
#8 {main}
  thrown in C:\Users\koloz\Documents\Files\Iskola\2024-25\web\school_OOP\app\Database\Database.php on line 36
[09-Apr-2025 12:25:07 UTC] could not find driver
[09-Apr-2025 12:25:07 UTC] PHP Fatal error:  Uncaught RuntimeException: Database connection error. in C:\Users\koloz\Documents\Files\Iskola\2024-25\web\school_OOP\app\Database\Database.php:36
Stack trace:
#0 C:\Users\koloz\Documents\Files\Iskola\2024-25\web\school_OOP\app\Database\Database.php(43): App\Database\Database->__construct(Array)
#1 C:\Users\koloz\Documents\Files\Iskola\2024-25\web\school_OOP\app\Models\Model.php(16): App\Database\Database::getInstance()
#2 C:\Users\koloz\Documents\Files\Iskola\2024-25\web\school_OOP\app\Models\ClassModel.php(13): App\Models\Model->__construct()
#3 C:\Users\koloz\Documents\Files\Iskola\2024-25\web\school_OOP\app\Controllers\ClassController.php(11): App\Models\ClassModel->__construct()
#4 C:\Users\koloz\Documents\Files\Iskola\2024-25\web\school_OOP\app\Routing\Router.php(57): App\Controllers\ClassController->__construct()
#5 C:\Users\koloz\Documents\Files\Iskola\2024-25\web\school_OOP\app\Routing\Router.php(30): App\Routing\Router->handleGetRequests('/classes')
#6 C:\Users\koloz\Documents\Files\Iskola\2024-25\web\school_OOP\app\Routing\Router.php(23): App\Routing\Router->dispatch('GET', '/classes')
#7 C:\Users\koloz\Documents\Files\Iskola\2024-25\web\school_OOP\Public\index.php(11): App\Routing\Router->handle()
#8 {main}
  thrown in C:\Users\koloz\Documents\Files\Iskola\2024-25\web\school_OOP\app\Database\Database.php on line 36
[09-Apr-2025 12:25:09 UTC] could not find driver
[09-Apr-2025 12:25:09 UTC] PHP Fatal error:  Uncaught RuntimeException: Database connection error. in C:\Users\koloz\Documents\Files\Iskola\2024-25\web\school_OOP\app\Database\Database.php:36
Stack trace:
#0 C:\Users\koloz\Documents\Files\Iskola\2024-25\web\school_OOP\app\Database\Database.php(43): App\Database\Database->__construct(Array)
#1 C:\Users\koloz\Documents\Files\Iskola\2024-25\web\school_OOP\app\Models\Model.php(16): App\Database\Database::getInstance()
#2 C:\Users\koloz\Documents\Files\Iskola\2024-25\web\school_OOP\app\Models\ClassModel.php(13): App\Models\Model->__construct()
#3 C:\Users\koloz\Documents\Files\Iskola\2024-25\web\school_OOP\app\Controllers\ClassController.php(11): App\Models\ClassModel->__construct()
#4 C:\Users\koloz\Documents\Files\Iskola\2024-25\web\school_OOP\app\Routing\Router.php(57): App\Controllers\ClassController->__construct()
#5 C:\Users\koloz\Documents\Files\Iskola\2024-25\web\school_OOP\app\Routing\Router.php(30): App\Routing\Router->handleGetRequests('/classes')
#6 C:\Users\koloz\Documents\Files\Iskola\2024-25\web\school_OOP\app\Routing\Router.php(23): App\Routing\Router->dispatch('GET', '/classes')
#7 C:\Users\koloz\Documents\Files\Iskola\2024-25\web\school_OOP\Public\index.php(11): App\Routing\Router->handle()
#8 {main}
  thrown in C:\Users\koloz\Documents\Files\Iskola\2024-25\web\school_OOP\app\Database\Database.php on line 36
[09-Apr-2025 12:25:12 UTC] could not find driver
[09-Apr-2025 12:25:12 UTC] PHP Fatal error:  Uncaught RuntimeException: Database connection error. in C:\Users\koloz\Documents\Files\Iskola\2024-25\web\school_OOP\app\Database\Database.php:36
Stack trace:
#0 C:\Users\koloz\Documents\Files\Iskola\2024-25\web\school_OOP\app\Database\Database.php(43): App\Database\Database->__construct(Array)
#1 C:\Users\koloz\Documents\Files\Iskola\2024-25\web\school_OOP\app\Models\Model.php(16): App\Database\Database::getInstance()
#2 C:\Users\koloz\Documents\Files\Iskola\2024-25\web\school_OOP\app\Models\ClassModel.php(13): App\Models\Model->__construct()
#3 C:\Users\koloz\Documents\Files\Iskola\2024-25\web\school_OOP\app\Controllers\ClassController.php(11): App\Models\ClassModel->__construct()
#4 C:\Users\koloz\Documents\Files\Iskola\2024-25\web\school_OOP\app\Routing\Router.php(57): App\Controllers\ClassController->__construct()
#5 C:\Users\koloz\Documents\Files\Iskola\2024-25\web\school_OOP\app\Routing\Router.php(30): App\Routing\Router->handleGetRequests('/classes')
#6 C:\Users\koloz\Documents\Files\Iskola\2024-25\web\school_OOP\app\Routing\Router.php(23): App\Routing\Router->dispatch('GET', '/classes')
#7 C:\Users\koloz\Documents\Files\Iskola\2024-25\web\school_OOP\Public\index.php(11): App\Routing\Router->handle()
#8 {main}
  thrown in C:\Users\koloz\Documents\Files\Iskola\2024-25\web\school_OOP\app\Database\Database.php on line 36
[09-Apr-2025 12:25:12 UTC] could not find driver
[09-Apr-2025 12:25:12 UTC] PHP Fatal error:  Uncaught RuntimeException: Database connection error. in C:\Users\koloz\Documents\Files\Iskola\2024-25\web\school_OOP\app\Database\Database.php:36
Stack trace:
#0 C:\Users\koloz\Documents\Files\Iskola\2024-25\web\school_OOP\app\Database\Database.php(43): App\Database\Database->__construct(Array)
#1 C:\Users\koloz\Documents\Files\Iskola\2024-25\web\school_OOP\app\Models\Model.php(16): App\Database\Database::getInstance()
#2 C:\Users\koloz\Documents\Files\Iskola\2024-25\web\school_OOP\app\Models\ClassModel.php(13): App\Models\Model->__construct()
#3 C:\Users\koloz\Documents\Files\Iskola\2024-25\web\school_OOP\app\Controllers\ClassController.php(11): App\Models\ClassModel->__construct()
#4 C:\Users\koloz\Documents\Files\Iskola\2024-25\web\school_OOP\app\Routing\Router.php(57): App\Controllers\ClassController->__construct()
#5 C:\Users\koloz\Documents\Files\Iskola\2024-25\web\school_OOP\app\Routing\Router.php(30): App\Routing\Router->handleGetRequests('/classes')
#6 C:\Users\koloz\Documents\Files\Iskola\2024-25\web\school_OOP\app\Routing\Router.php(23): App\Routing\Router->dispatch('GET', '/classes')
#7 C:\Users\koloz\Documents\Files\Iskola\2024-25\web\school_OOP\Public\index.php(11): App\Routing\Router->handle()
#8 {main}
  thrown in C:\Users\koloz\Documents\Files\Iskola\2024-25\web\school_OOP\app\Database\Database.php on line 36
[09-Apr-2025 12:26:27 UTC] could not find driver
[09-Apr-2025 12:26:27 UTC] PHP Fatal error:  Uncaught RuntimeException: Database connection error. in C:\Users\koloz\Documents\Files\Iskola\2024-25\web\school_OOP\app\Database\Database.php:36
Stack trace:
#0 C:\Users\koloz\Documents\Files\Iskola\2024-25\web\school_OOP\app\Database\Database.php(43): App\Database\Database->__construct(Array)
#1 C:\Users\koloz\Documents\Files\Iskola\2024-25\web\school_OOP\app\Models\Model.php(16): App\Database\Database::getInstance()
#2 C:\Users\koloz\Documents\Files\Iskola\2024-25\web\school_OOP\app\Models\ClassModel.php(13): App\Models\Model->__construct()
#3 C:\Users\koloz\Documents\Files\Iskola\2024-25\web\school_OOP\app\Controllers\ClassController.php(11): App\Models\ClassModel->__construct()
#4 C:\Users\koloz\Documents\Files\Iskola\2024-25\web\school_OOP\app\Routing\Router.php(57): App\Controllers\ClassController->__construct()
#5 C:\Users\koloz\Documents\Files\Iskola\2024-25\web\school_OOP\app\Routing\Router.php(30): App\Routing\Router->handleGetRequests('/classes')
#6 C:\Users\koloz\Documents\Files\Iskola\2024-25\web\school_OOP\app\Routing\Router.php(23): App\Routing\Router->dispatch('GET', '/classes')
#7 C:\Users\koloz\Documents\Files\Iskola\2024-25\web\school_OOP\Public\index.php(11): App\Routing\Router->handle()
#8 {main}
  thrown in C:\Users\koloz\Documents\Files\Iskola\2024-25\web\school_OOP\app\Database\Database.php on line 36
[09-Apr-2025 12:26:27 UTC] could not find driver
[09-Apr-2025 12:26:27 UTC] PHP Fatal error:  Uncaught RuntimeException: Database connection error. in C:\Users\koloz\Documents\Files\Iskola\2024-25\web\school_OOP\app\Database\Database.php:36
Stack trace:
#0 C:\Users\koloz\Documents\Files\Iskola\2024-25\web\school_OOP\app\Database\Database.php(43): App\Database\Database->__construct(Array)
#1 C:\Users\koloz\Documents\Files\Iskola\2024-25\web\school_OOP\app\Models\Model.php(16): App\Database\Database::getInstance()
#2 C:\Users\koloz\Documents\Files\Iskola\2024-25\web\school_OOP\app\Models\ClassModel.php(13): App\Models\Model->__construct()
#3 C:\Users\koloz\Documents\Files\Iskola\2024-25\web\school_OOP\app\Controllers\ClassController.php(11): App\Models\ClassModel->__construct()
#4 C:\Users\koloz\Documents\Files\Iskola\2024-25\web\school_OOP\app\Routing\Router.php(57): App\Controllers\ClassController->__construct()
#5 C:\Users\koloz\Documents\Files\Iskola\2024-25\web\school_OOP\app\Routing\Router.php(30): App\Routing\Router->handleGetRequests('/classes')
#6 C:\Users\koloz\Documents\Files\Iskola\2024-25\web\school_OOP\app\Routing\Router.php(23): App\Routing\Router->dispatch('GET', '/classes')
#7 C:\Users\koloz\Documents\Files\Iskola\2024-25\web\school_OOP\Public\index.php(11): App\Routing\Router->handle()
#8 {main}
  thrown in C:\Users\koloz\Documents\Files\Iskola\2024-25\web\school_OOP\app\Database\Database.php on line 36
[09-Apr-2025 12:28:15 UTC] could not find driver
[09-Apr-2025 12:28:15 UTC] PHP Fatal error:  Uncaught RuntimeException: Database connection error.could not find driver in C:\Users\koloz\Documents\Files\Iskola\2024-25\web\school_OOP\app\Database\Database.php:36
Stack trace:
#0 C:\Users\koloz\Documents\Files\Iskola\2024-25\web\school_OOP\app\Database\Database.php(43): App\Database\Database->__construct(Array)
#1 C:\Users\koloz\Documents\Files\Iskola\2024-25\web\school_OOP\app\Models\Model.php(16): App\Database\Database::getInstance()
#2 C:\Users\koloz\Documents\Files\Iskola\2024-25\web\school_OOP\app\Models\ClassModel.php(13): App\Models\Model->__construct()
#3 C:\Users\koloz\Documents\Files\Iskola\2024-25\web\school_OOP\app\Controllers\ClassController.php(11): App\Models\ClassModel->__construct()
#4 C:\Users\koloz\Documents\Files\Iskola\2024-25\web\school_OOP\app\Routing\Router.php(57): App\Controllers\ClassController->__construct()
#5 C:\Users\koloz\Documents\Files\Iskola\2024-25\web\school_OOP\app\Routing\Router.php(30): App\Routing\Router->handleGetRequests('/classes')
#6 C:\Users\koloz\Documents\Files\Iskola\2024-25\web\school_OOP\app\Routing\Router.php(23): App\Routing\Router->dispatch('GET', '/classes')
#7 C:\Users\koloz\Documents\Files\Iskola\2024-25\web\school_OOP\Public\index.php(11): App\Routing\Router->handle()
#8 {main}
  thrown in C:\Users\koloz\Documents\Files\Iskola\2024-25\web\school_OOP\app\Database\Database.php on line 36
[09-Apr-2025 12:30:02 UTC] could not find driver
[09-Apr-2025 12:30:02 UTC] PHP Fatal error:  Uncaught RuntimeException: Database connection error.could not find driver in C:\Users\koloz\Documents\Files\Iskola\2024-25\web\school_OOP\app\Database\Database.php:36
Stack trace:
#0 C:\Users\koloz\Documents\Files\Iskola\2024-25\web\school_OOP\app\Database\Database.php(43): App\Database\Database->__construct(Array)
#1 C:\Users\koloz\Documents\Files\Iskola\2024-25\web\school_OOP\app\Models\Model.php(16): App\Database\Database::getInstance()
#2 C:\Users\koloz\Documents\Files\Iskola\2024-25\web\school_OOP\app\Models\ClassModel.php(13): App\Models\Model->__construct()
#3 C:\Users\koloz\Documents\Files\Iskola\2024-25\web\school_OOP\app\Controllers\ClassController.php(11): App\Models\ClassModel->__construct()
#4 C:\Users\koloz\Documents\Files\Iskola\2024-25\web\school_OOP\app\Routing\Router.php(57): App\Controllers\ClassController->__construct()
#5 C:\Users\koloz\Documents\Files\Iskola\2024-25\web\school_OOP\app\Routing\Router.php(30): App\Routing\Router->handleGetRequests('/classes')
#6 C:\Users\koloz\Documents\Files\Iskola\2024-25\web\school_OOP\app\Routing\Router.php(23): App\Routing\Router->dispatch('GET', '/classes')
#7 C:\Users\koloz\Documents\Files\Iskola\2024-25\web\school_OOP\Public\index.php(11): App\Routing\Router->handle()
#8 {main}
  thrown in C:\Users\koloz\Documents\Files\Iskola\2024-25\web\school_OOP\app\Database\Database.php on line 36
[09-Apr-2025 12:30:03 UTC] could not find driver
[09-Apr-2025 12:30:03 UTC] PHP Fatal error:  Uncaught RuntimeException: Database connection error.could not find driver in C:\Users\koloz\Documents\Files\Iskola\2024-25\web\school_OOP\app\Database\Database.php:36
Stack trace:
#0 C:\Users\koloz\Documents\Files\Iskola\2024-25\web\school_OOP\app\Database\Database.php(43): App\Database\Database->__construct(Array)
#1 C:\Users\koloz\Documents\Files\Iskola\2024-25\web\school_OOP\app\Models\Model.php(16): App\Database\Database::getInstance()
#2 C:\Users\koloz\Documents\Files\Iskola\2024-25\web\school_OOP\app\Models\ClassModel.php(13): App\Models\Model->__construct()
#3 C:\Users\koloz\Documents\Files\Iskola\2024-25\web\school_OOP\app\Controllers\ClassController.php(11): App\Models\ClassModel->__construct()
#4 C:\Users\koloz\Documents\Files\Iskola\2024-25\web\school_OOP\app\Routing\Router.php(57): App\Controllers\ClassController->__construct()
#5 C:\Users\koloz\Documents\Files\Iskola\2024-25\web\school_OOP\app\Routing\Router.php(30): App\Routing\Router->handleGetRequests('/classes')
#6 C:\Users\koloz\Documents\Files\Iskola\2024-25\web\school_OOP\app\Routing\Router.php(23): App\Routing\Router->dispatch('GET', '/classes')
#7 C:\Users\koloz\Documents\Files\Iskola\2024-25\web\school_OOP\Public\index.php(11): App\Routing\Router->handle()
#8 {main}
  thrown in C:\Users\koloz\Documents\Files\Iskola\2024-25\web\school_OOP\app\Database\Database.php on line 36
[09-Apr-2025 12:30:03 UTC] could not find driver
[09-Apr-2025 12:30:03 UTC] PHP Fatal error:  Uncaught RuntimeException: Database connection error.could not find driver in C:\Users\koloz\Documents\Files\Iskola\2024-25\web\school_OOP\app\Database\Database.php:36
Stack trace:
#0 C:\Users\koloz\Documents\Files\Iskola\2024-25\web\school_OOP\app\Database\Database.php(43): App\Database\Database->__construct(Array)
#1 C:\Users\koloz\Documents\Files\Iskola\2024-25\web\school_OOP\app\Models\Model.php(16): App\Database\Database::getInstance()
#2 C:\Users\koloz\Documents\Files\Iskola\2024-25\web\school_OOP\app\Models\ClassModel.php(13): App\Models\Model->__construct()
#3 C:\Users\koloz\Documents\Files\Iskola\2024-25\web\school_OOP\app\Controllers\ClassController.php(11): App\Models\ClassModel->__construct()
#4 C:\Users\koloz\Documents\Files\Iskola\2024-25\web\school_OOP\app\Routing\Router.php(57): App\Controllers\ClassController->__construct()
#5 C:\Users\koloz\Documents\Files\Iskola\2024-25\web\school_OOP\app\Routing\Router.php(30): App\Routing\Router->handleGetRequests('/classes')
#6 C:\Users\koloz\Documents\Files\Iskola\2024-25\web\school_OOP\app\Routing\Router.php(23): App\Routing\Router->dispatch('GET', '/classes')
#7 C:\Users\koloz\Documents\Files\Iskola\2024-25\web\school_OOP\Public\index.php(11): App\Routing\Router->handle()
#8 {main}
  thrown in C:\Users\koloz\Documents\Files\Iskola\2024-25\web\school_OOP\app\Database\Database.php on line 36
[09-Apr-2025 12:30:03 UTC] could not find driver
[09-Apr-2025 12:30:03 UTC] PHP Fatal error:  Uncaught RuntimeException: Database connection error.could not find driver in C:\Users\koloz\Documents\Files\Iskola\2024-25\web\school_OOP\app\Database\Database.php:36
Stack trace:
#0 C:\Users\koloz\Documents\Files\Iskola\2024-25\web\school_OOP\app\Database\Database.php(43): App\Database\Database->__construct(Array)
#1 C:\Users\koloz\Documents\Files\Iskola\2024-25\web\school_OOP\app\Models\Model.php(16): App\Database\Database::getInstance()
#2 C:\Users\koloz\Documents\Files\Iskola\2024-25\web\school_OOP\app\Models\ClassModel.php(13): App\Models\Model->__construct()
#3 C:\Users\koloz\Documents\Files\Iskola\2024-25\web\school_OOP\app\Controllers\ClassController.php(11): App\Models\ClassModel->__construct()
#4 C:\Users\koloz\Documents\Files\Iskola\2024-25\web\school_OOP\app\Routing\Router.php(57): App\Controllers\ClassController->__construct()
#5 C:\Users\koloz\Documents\Files\Iskola\2024-25\web\school_OOP\app\Routing\Router.php(30): App\Routing\Router->handleGetRequests('/classes')
#6 C:\Users\koloz\Documents\Files\Iskola\2024-25\web\school_OOP\app\Routing\Router.php(23): App\Routing\Router->dispatch('GET', '/classes')
#7 C:\Users\koloz\Documents\Files\Iskola\2024-25\web\school_OOP\Public\index.php(11): App\Routing\Router->handle()
#8 {main}
  thrown in C:\Users\koloz\Documents\Files\Iskola\2024-25\web\school_OOP\app\Database\Database.php on line 36
[09-Apr-2025 12:30:03 UTC] could not find driver
[09-Apr-2025 12:30:03 UTC] PHP Fatal error:  Uncaught RuntimeException: Database connection error.could not find driver in C:\Users\koloz\Documents\Files\Iskola\2024-25\web\school_OOP\app\Database\Database.php:36
Stack trace:
#0 C:\Users\koloz\Documents\Files\Iskola\2024-25\web\school_OOP\app\Database\Database.php(43): App\Database\Database->__construct(Array)
#1 C:\Users\koloz\Documents\Files\Iskola\2024-25\web\school_OOP\app\Models\Model.php(16): App\Database\Database::getInstance()
#2 C:\Users\koloz\Documents\Files\Iskola\2024-25\web\school_OOP\app\Models\ClassModel.php(13): App\Models\Model->__construct()
#3 C:\Users\koloz\Documents\Files\Iskola\2024-25\web\school_OOP\app\Controllers\ClassController.php(11): App\Models\ClassModel->__construct()
#4 C:\Users\koloz\Documents\Files\Iskola\2024-25\web\school_OOP\app\Routing\Router.php(57): App\Controllers\ClassController->__construct()
#5 C:\Users\koloz\Documents\Files\Iskola\2024-25\web\school_OOP\app\Routing\Router.php(30): App\Routing\Router->handleGetRequests('/classes')
#6 C:\Users\koloz\Documents\Files\Iskola\2024-25\web\school_OOP\app\Routing\Router.php(23): App\Routing\Router->dispatch('GET', '/classes')
#7 C:\Users\koloz\Documents\Files\Iskola\2024-25\web\school_OOP\Public\index.php(11): App\Routing\Router->handle()
#8 {main}
  thrown in C:\Users\koloz\Documents\Files\Iskola\2024-25\web\school_OOP\app\Database\Database.php on line 36
[09-Apr-2025 12:30:03 UTC] could not find driver
[09-Apr-2025 12:30:03 UTC] PHP Fatal error:  Uncaught RuntimeException: Database connection error.could not find driver in C:\Users\koloz\Documents\Files\Iskola\2024-25\web\school_OOP\app\Database\Database.php:36
Stack trace:
#0 C:\Users\koloz\Documents\Files\Iskola\2024-25\web\school_OOP\app\Database\Database.php(43): App\Database\Database->__construct(Array)
#1 C:\Users\koloz\Documents\Files\Iskola\2024-25\web\school_OOP\app\Models\Model.php(16): App\Database\Database::getInstance()
#2 C:\Users\koloz\Documents\Files\Iskola\2024-25\web\school_OOP\app\Models\ClassModel.php(13): App\Models\Model->__construct()
#3 C:\Users\koloz\Documents\Files\Iskola\2024-25\web\school_OOP\app\Controllers\ClassController.php(11): App\Models\ClassModel->__construct()
#4 C:\Users\koloz\Documents\Files\Iskola\2024-25\web\school_OOP\app\Routing\Router.php(57): App\Controllers\ClassController->__construct()
#5 C:\Users\koloz\Documents\Files\Iskola\2024-25\web\school_OOP\app\Routing\Router.php(30): App\Routing\Router->handleGetRequests('/classes')
#6 C:\Users\koloz\Documents\Files\Iskola\2024-25\web\school_OOP\app\Routing\Router.php(23): App\Routing\Router->dispatch('GET', '/classes')
#7 C:\Users\koloz\Documents\Files\Iskola\2024-25\web\school_OOP\Public\index.php(11): App\Routing\Router->handle()
#8 {main}
  thrown in C:\Users\koloz\Documents\Files\Iskola\2024-25\web\school_OOP\app\Database\Database.php on line 36
[09-Apr-2025 12:30:03 UTC] could not find driver
[09-Apr-2025 12:30:03 UTC] PHP Fatal error:  Uncaught RuntimeException: Database connection error.could not find driver in C:\Users\koloz\Documents\Files\Iskola\2024-25\web\school_OOP\app\Database\Database.php:36
Stack trace:
#0 C:\Users\koloz\Documents\Files\Iskola\2024-25\web\school_OOP\app\Database\Database.php(43): App\Database\Database->__construct(Array)
#1 C:\Users\koloz\Documents\Files\Iskola\2024-25\web\school_OOP\app\Models\Model.php(16): App\Database\Database::getInstance()
#2 C:\Users\koloz\Documents\Files\Iskola\2024-25\web\school_OOP\app\Models\ClassModel.php(13): App\Models\Model->__construct()
#3 C:\Users\koloz\Documents\Files\Iskola\2024-25\web\school_OOP\app\Controllers\ClassController.php(11): App\Models\ClassModel->__construct()
#4 C:\Users\koloz\Documents\Files\Iskola\2024-25\web\school_OOP\app\Routing\Router.php(57): App\Controllers\ClassController->__construct()
#5 C:\Users\koloz\Documents\Files\Iskola\2024-25\web\school_OOP\app\Routing\Router.php(30): App\Routing\Router->handleGetRequests('/classes')
#6 C:\Users\koloz\Documents\Files\Iskola\2024-25\web\school_OOP\app\Routing\Router.php(23): App\Routing\Router->dispatch('GET', '/classes')
#7 C:\Users\koloz\Documents\Files\Iskola\2024-25\web\school_OOP\Public\index.php(11): App\Routing\Router->handle()
#8 {main}
  thrown in C:\Users\koloz\Documents\Files\Iskola\2024-25\web\school_OOP\app\Database\Database.php on line 36
[09-Apr-2025 12:30:04 UTC] could not find driver
[09-Apr-2025 12:30:04 UTC] PHP Fatal error:  Uncaught RuntimeException: Database connection error.could not find driver in C:\Users\koloz\Documents\Files\Iskola\2024-25\web\school_OOP\app\Database\Database.php:36
Stack trace:
#0 C:\Users\koloz\Documents\Files\Iskola\2024-25\web\school_OOP\app\Database\Database.php(43): App\Database\Database->__construct(Array)
#1 C:\Users\koloz\Documents\Files\Iskola\2024-25\web\school_OOP\app\Models\Model.php(16): App\Database\Database::getInstance()
#2 C:\Users\koloz\Documents\Files\Iskola\2024-25\web\school_OOP\app\Models\ClassModel.php(13): App\Models\Model->__construct()
#3 C:\Users\koloz\Documents\Files\Iskola\2024-25\web\school_OOP\app\Controllers\ClassController.php(11): App\Models\ClassModel->__construct()
#4 C:\Users\koloz\Documents\Files\Iskola\2024-25\web\school_OOP\app\Routing\Router.php(57): App\Controllers\ClassController->__construct()
#5 C:\Users\koloz\Documents\Files\Iskola\2024-25\web\school_OOP\app\Routing\Router.php(30): App\Routing\Router->handleGetRequests('/classes')
#6 C:\Users\koloz\Documents\Files\Iskola\2024-25\web\school_OOP\app\Routing\Router.php(23): App\Routing\Router->dispatch('GET', '/classes')
#7 C:\Users\koloz\Documents\Files\Iskola\2024-25\web\school_OOP\Public\index.php(11): App\Routing\Router->handle()
#8 {main}
  thrown in C:\Users\koloz\Documents\Files\Iskola\2024-25\web\school_OOP\app\Database\Database.php on line 36
[09-Apr-2025 12:30:06 UTC] could not find driver
[09-Apr-2025 12:30:06 UTC] PHP Fatal error:  Uncaught RuntimeException: Database connection error.could not find driver in C:\Users\koloz\Documents\Files\Iskola\2024-25\web\school_OOP\app\Database\Database.php:36
Stack trace:
#0 C:\Users\koloz\Documents\Files\Iskola\2024-25\web\school_OOP\app\Database\Database.php(43): App\Database\Database->__construct(Array)
#1 C:\Users\koloz\Documents\Files\Iskola\2024-25\web\school_OOP\app\Models\Model.php(16): App\Database\Database::getInstance()
#2 C:\Users\koloz\Documents\Files\Iskola\2024-25\web\school_OOP\app\Models\ClassModel.php(13): App\Models\Model->__construct()
#3 C:\Users\koloz\Documents\Files\Iskola\2024-25\web\school_OOP\app\Controllers\ClassController.php(11): App\Models\ClassModel->__construct()
#4 C:\Users\koloz\Documents\Files\Iskola\2024-25\web\school_OOP\app\Routing\Router.php(57): App\Controllers\ClassController->__construct()
#5 C:\Users\koloz\Documents\Files\Iskola\2024-25\web\school_OOP\app\Routing\Router.php(30): App\Routing\Router->handleGetRequests('/classes')
#6 C:\Users\koloz\Documents\Files\Iskola\2024-25\web\school_OOP\app\Routing\Router.php(23): App\Routing\Router->dispatch('GET', '/classes')
#7 C:\Users\koloz\Documents\Files\Iskola\2024-25\web\school_OOP\Public\index.php(11): App\Routing\Router->handle()
#8 {main}
  thrown in C:\Users\koloz\Documents\Files\Iskola\2024-25\web\school_OOP\app\Database\Database.php on line 36
[09-Apr-2025 12:30:06 UTC] could not find driver
[09-Apr-2025 12:30:06 UTC] PHP Fatal error:  Uncaught RuntimeException: Database connection error.could not find driver in C:\Users\koloz\Documents\Files\Iskola\2024-25\web\school_OOP\app\Database\Database.php:36
Stack trace:
#0 C:\Users\koloz\Documents\Files\Iskola\2024-25\web\school_OOP\app\Database\Database.php(43): App\Database\Database->__construct(Array)
#1 C:\Users\koloz\Documents\Files\Iskola\2024-25\web\school_OOP\app\Models\Model.php(16): App\Database\Database::getInstance()
#2 C:\Users\koloz\Documents\Files\Iskola\2024-25\web\school_OOP\app\Models\ClassModel.php(13): App\Models\Model->__construct()
#3 C:\Users\koloz\Documents\Files\Iskola\2024-25\web\school_OOP\app\Controllers\ClassController.php(11): App\Models\ClassModel->__construct()
#4 C:\Users\koloz\Documents\Files\Iskola\2024-25\web\school_OOP\app\Routing\Router.php(57): App\Controllers\ClassController->__construct()
#5 C:\Users\koloz\Documents\Files\Iskola\2024-25\web\school_OOP\app\Routing\Router.php(30): App\Routing\Router->handleGetRequests('/classes')
#6 C:\Users\koloz\Documents\Files\Iskola\2024-25\web\school_OOP\app\Routing\Router.php(23): App\Routing\Router->dispatch('GET', '/classes')
#7 C:\Users\koloz\Documents\Files\Iskola\2024-25\web\school_OOP\Public\index.php(11): App\Routing\Router->handle()
#8 {main}
  thrown in C:\Users\koloz\Documents\Files\Iskola\2024-25\web\school_OOP\app\Database\Database.php on line 36
[09-Apr-2025 12:30:06 UTC] could not find driver
[09-Apr-2025 12:30:06 UTC] PHP Fatal error:  Uncaught RuntimeException: Database connection error.could not find driver in C:\Users\koloz\Documents\Files\Iskola\2024-25\web\school_OOP\app\Database\Database.php:36
Stack trace:
#0 C:\Users\koloz\Documents\Files\Iskola\2024-25\web\school_OOP\app\Database\Database.php(43): App\Database\Database->__construct(Array)
#1 C:\Users\koloz\Documents\Files\Iskola\2024-25\web\school_OOP\app\Models\Model.php(16): App\Database\Database::getInstance()
#2 C:\Users\koloz\Documents\Files\Iskola\2024-25\web\school_OOP\app\Models\ClassModel.php(13): App\Models\Model->__construct()
#3 C:\Users\koloz\Documents\Files\Iskola\2024-25\web\school_OOP\app\Controllers\ClassController.php(11): App\Models\ClassModel->__construct()
#4 C:\Users\koloz\Documents\Files\Iskola\2024-25\web\school_OOP\app\Routing\Router.php(57): App\Controllers\ClassController->__construct()
#5 C:\Users\koloz\Documents\Files\Iskola\2024-25\web\school_OOP\app\Routing\Router.php(30): App\Routing\Router->handleGetRequests('/classes')
#6 C:\Users\koloz\Documents\Files\Iskola\2024-25\web\school_OOP\app\Routing\Router.php(23): App\Routing\Router->dispatch('GET', '/classes')
#7 C:\Users\koloz\Documents\Files\Iskola\2024-25\web\school_OOP\Public\index.php(11): App\Routing\Router->handle()
#8 {main}
  thrown in C:\Users\koloz\Documents\Files\Iskola\2024-25\web\school_OOP\app\Database\Database.php on line 36
[09-Apr-2025 12:30:18 UTC] could not find driver
[09-Apr-2025 12:30:18 UTC] PHP Fatal error:  Uncaught RuntimeException: Database connection error.could not find driver in C:\Users\koloz\Documents\Files\Iskola\2024-25\web\school_OOP\app\Database\Database.php:36
Stack trace:
#0 C:\Users\koloz\Documents\Files\Iskola\2024-25\web\school_OOP\app\Database\Database.php(43): App\Database\Database->__construct(Array)
#1 C:\Users\koloz\Documents\Files\Iskola\2024-25\web\school_OOP\app\Models\Model.php(16): App\Database\Database::getInstance()
#2 C:\Users\koloz\Documents\Files\Iskola\2024-25\web\school_OOP\app\Models\ClassModel.php(13): App\Models\Model->__construct()
#3 C:\Users\koloz\Documents\Files\Iskola\2024-25\web\school_OOP\app\Controllers\ClassController.php(11): App\Models\ClassModel->__construct()
#4 C:\Users\koloz\Documents\Files\Iskola\2024-25\web\school_OOP\app\Routing\Router.php(57): App\Controllers\ClassController->__construct()
#5 C:\Users\koloz\Documents\Files\Iskola\2024-25\web\school_OOP\app\Routing\Router.php(30): App\Routing\Router->handleGetRequests('/classes')
#6 C:\Users\koloz\Documents\Files\Iskola\2024-25\web\school_OOP\app\Routing\Router.php(23): App\Routing\Router->dispatch('GET', '/classes')
#7 C:\Users\koloz\Documents\Files\Iskola\2024-25\web\school_OOP\Public\index.php(11): App\Routing\Router->handle()
#8 {main}
  thrown in C:\Users\koloz\Documents\Files\Iskola\2024-25\web\school_OOP\app\Database\Database.php on line 36
[09-Apr-2025 12:31:15 UTC] could not find driver
[09-Apr-2025 12:31:15 UTC] PHP Fatal error:  Uncaught RuntimeException: Database connection error.could not find driver in C:\Users\koloz\Documents\Files\Iskola\2024-25\web\school_OOP\app\Database\Database.php:36
Stack trace:
#0 C:\Users\koloz\Documents\Files\Iskola\2024-25\web\school_OOP\app\Database\Database.php(43): App\Database\Database->__construct(Array)
#1 C:\Users\koloz\Documents\Files\Iskola\2024-25\web\school_OOP\app\Models\Model.php(16): App\Database\Database::getInstance()
#2 C:\Users\koloz\Documents\Files\Iskola\2024-25\web\school_OOP\app\Models\ClassModel.php(13): App\Models\Model->__construct()
#3 C:\Users\koloz\Documents\Files\Iskola\2024-25\web\school_OOP\app\Controllers\ClassController.php(11): App\Models\ClassModel->__construct()
#4 C:\Users\koloz\Documents\Files\Iskola\2024-25\web\school_OOP\app\Routing\Router.php(57): App\Controllers\ClassController->__construct()
#5 C:\Users\koloz\Documents\Files\Iskola\2024-25\web\school_OOP\app\Routing\Router.php(30): App\Routing\Router->handleGetRequests('/classes')
#6 C:\Users\koloz\Documents\Files\Iskola\2024-25\web\school_OOP\app\Routing\Router.php(23): App\Routing\Router->dispatch('GET', '/classes')
#7 C:\Users\koloz\Documents\Files\Iskola\2024-25\web\school_OOP\Public\index.php(11): App\Routing\Router->handle()
#8 {main}
  thrown in C:\Users\koloz\Documents\Files\Iskola\2024-25\web\school_OOP\app\Database\Database.php on line 36
[09-Apr-2025 12:31:16 UTC] could not find driver
[09-Apr-2025 12:31:16 UTC] PHP Fatal error:  Uncaught RuntimeException: Database connection error.could not find driver in C:\Users\koloz\Documents\Files\Iskola\2024-25\web\school_OOP\app\Database\Database.php:36
Stack trace:
#0 C:\Users\koloz\Documents\Files\Iskola\2024-25\web\school_OOP\app\Database\Database.php(43): App\Database\Database->__construct(Array)
#1 C:\Users\koloz\Documents\Files\Iskola\2024-25\web\school_OOP\app\Models\Model.php(16): App\Database\Database::getInstance()
#2 C:\Users\koloz\Documents\Files\Iskola\2024-25\web\school_OOP\app\Models\ClassModel.php(13): App\Models\Model->__construct()
#3 C:\Users\koloz\Documents\Files\Iskola\2024-25\web\school_OOP\app\Controllers\ClassController.php(11): App\Models\ClassModel->__construct()
#4 C:\Users\koloz\Documents\Files\Iskola\2024-25\web\school_OOP\app\Routing\Router.php(57): App\Controllers\ClassController->__construct()
#5 C:\Users\koloz\Documents\Files\Iskola\2024-25\web\school_OOP\app\Routing\Router.php(30): App\Routing\Router->handleGetRequests('/classes')
#6 C:\Users\koloz\Documents\Files\Iskola\2024-25\web\school_OOP\app\Routing\Router.php(23): App\Routing\Router->dispatch('GET', '/classes')
#7 C:\Users\koloz\Documents\Files\Iskola\2024-25\web\school_OOP\Public\index.php(11): App\Routing\Router->handle()
#8 {main}
  thrown in C:\Users\koloz\Documents\Files\Iskola\2024-25\web\school_OOP\app\Database\Database.php on line 36
[09-Apr-2025 12:31:16 UTC] could not find driver
[09-Apr-2025 12:31:16 UTC] PHP Fatal error:  Uncaught RuntimeException: Database connection error.could not find driver in C:\Users\koloz\Documents\Files\Iskola\2024-25\web\school_OOP\app\Database\Database.php:36
Stack trace:
#0 C:\Users\koloz\Documents\Files\Iskola\2024-25\web\school_OOP\app\Database\Database.php(43): App\Database\Database->__construct(Array)
#1 C:\Users\koloz\Documents\Files\Iskola\2024-25\web\school_OOP\app\Models\Model.php(16): App\Database\Database::getInstance()
#2 C:\Users\koloz\Documents\Files\Iskola\2024-25\web\school_OOP\app\Models\ClassModel.php(13): App\Models\Model->__construct()
#3 C:\Users\koloz\Documents\Files\Iskola\2024-25\web\school_OOP\app\Controllers\ClassController.php(11): App\Models\ClassModel->__construct()
#4 C:\Users\koloz\Documents\Files\Iskola\2024-25\web\school_OOP\app\Routing\Router.php(57): App\Controllers\ClassController->__construct()
#5 C:\Users\koloz\Documents\Files\Iskola\2024-25\web\school_OOP\app\Routing\Router.php(30): App\Routing\Router->handleGetRequests('/classes')
#6 C:\Users\koloz\Documents\Files\Iskola\2024-25\web\school_OOP\app\Routing\Router.php(23): App\Routing\Router->dispatch('GET', '/classes')
#7 C:\Users\koloz\Documents\Files\Iskola\2024-25\web\school_OOP\Public\index.php(11): App\Routing\Router->handle()
#8 {main}
  thrown in C:\Users\koloz\Documents\Files\Iskola\2024-25\web\school_OOP\app\Database\Database.php on line 36
[09-Apr-2025 12:31:16 UTC] could not find driver
[09-Apr-2025 12:31:16 UTC] PHP Fatal error:  Uncaught RuntimeException: Database connection error.could not find driver in C:\Users\koloz\Documents\Files\Iskola\2024-25\web\school_OOP\app\Database\Database.php:36
Stack trace:
#0 C:\Users\koloz\Documents\Files\Iskola\2024-25\web\school_OOP\app\Database\Database.php(43): App\Database\Database->__construct(Array)
#1 C:\Users\koloz\Documents\Files\Iskola\2024-25\web\school_OOP\app\Models\Model.php(16): App\Database\Database::getInstance()
#2 C:\Users\koloz\Documents\Files\Iskola\2024-25\web\school_OOP\app\Models\ClassModel.php(13): App\Models\Model->__construct()
#3 C:\Users\koloz\Documents\Files\Iskola\2024-25\web\school_OOP\app\Controllers\ClassController.php(11): App\Models\ClassModel->__construct()
#4 C:\Users\koloz\Documents\Files\Iskola\2024-25\web\school_OOP\app\Routing\Router.php(57): App\Controllers\ClassController->__construct()
#5 C:\Users\koloz\Documents\Files\Iskola\2024-25\web\school_OOP\app\Routing\Router.php(30): App\Routing\Router->handleGetRequests('/classes')
#6 C:\Users\koloz\Documents\Files\Iskola\2024-25\web\school_OOP\app\Routing\Router.php(23): App\Routing\Router->dispatch('GET', '/classes')
#7 C:\Users\koloz\Documents\Files\Iskola\2024-25\web\school_OOP\Public\index.php(11): App\Routing\Router->handle()
#8 {main}
  thrown in C:\Users\koloz\Documents\Files\Iskola\2024-25\web\school_OOP\app\Database\Database.php on line 36
[09-Apr-2025 12:31:16 UTC] could not find driver
[09-Apr-2025 12:31:16 UTC] PHP Fatal error:  Uncaught RuntimeException: Database connection error.could not find driver in C:\Users\koloz\Documents\Files\Iskola\2024-25\web\school_OOP\app\Database\Database.php:36
Stack trace:
#0 C:\Users\koloz\Documents\Files\Iskola\2024-25\web\school_OOP\app\Database\Database.php(43): App\Database\Database->__construct(Array)
#1 C:\Users\koloz\Documents\Files\Iskola\2024-25\web\school_OOP\app\Models\Model.php(16): App\Database\Database::getInstance()
#2 C:\Users\koloz\Documents\Files\Iskola\2024-25\web\school_OOP\app\Models\ClassModel.php(13): App\Models\Model->__construct()
#3 C:\Users\koloz\Documents\Files\Iskola\2024-25\web\school_OOP\app\Controllers\ClassController.php(11): App\Models\ClassModel->__construct()
#4 C:\Users\koloz\Documents\Files\Iskola\2024-25\web\school_OOP\app\Routing\Router.php(57): App\Controllers\ClassController->__construct()
#5 C:\Users\koloz\Documents\Files\Iskola\2024-25\web\school_OOP\app\Routing\Router.php(30): App\Routing\Router->handleGetRequests('/classes')
#6 C:\Users\koloz\Documents\Files\Iskola\2024-25\web\school_OOP\app\Routing\Router.php(23): App\Routing\Router->dispatch('GET', '/classes')
#7 C:\Users\koloz\Documents\Files\Iskola\2024-25\web\school_OOP\Public\index.php(11): App\Routing\Router->handle()
#8 {main}
  thrown in C:\Users\koloz\Documents\Files\Iskola\2024-25\web\school_OOP\app\Database\Database.php on line 36
[09-Apr-2025 12:31:16 UTC] could not find driver
[09-Apr-2025 12:31:16 UTC] PHP Fatal error:  Uncaught RuntimeException: Database connection error.could not find driver in C:\Users\koloz\Documents\Files\Iskola\2024-25\web\school_OOP\app\Database\Database.php:36
Stack trace:
#0 C:\Users\koloz\Documents\Files\Iskola\2024-25\web\school_OOP\app\Database\Database.php(43): App\Database\Database->__construct(Array)
#1 C:\Users\koloz\Documents\Files\Iskola\2024-25\web\school_OOP\app\Models\Model.php(16): App\Database\Database::getInstance()
#2 C:\Users\koloz\Documents\Files\Iskola\2024-25\web\school_OOP\app\Models\ClassModel.php(13): App\Models\Model->__construct()
#3 C:\Users\koloz\Documents\Files\Iskola\2024-25\web\school_OOP\app\Controllers\ClassController.php(11): App\Models\ClassModel->__construct()
#4 C:\Users\koloz\Documents\Files\Iskola\2024-25\web\school_OOP\app\Routing\Router.php(57): App\Controllers\ClassController->__construct()
#5 C:\Users\koloz\Documents\Files\Iskola\2024-25\web\school_OOP\app\Routing\Router.php(30): App\Routing\Router->handleGetRequests('/classes')
#6 C:\Users\koloz\Documents\Files\Iskola\2024-25\web\school_OOP\app\Routing\Router.php(23): App\Routing\Router->dispatch('GET', '/classes')
#7 C:\Users\koloz\Documents\Files\Iskola\2024-25\web\school_OOP\Public\index.php(11): App\Routing\Router->handle()
#8 {main}
  thrown in C:\Users\koloz\Documents\Files\Iskola\2024-25\web\school_OOP\app\Database\Database.php on line 36
[09-Apr-2025 12:31:17 UTC] could not find driver
[09-Apr-2025 12:31:17 UTC] PHP Fatal error:  Uncaught RuntimeException: Database connection error.could not find driver in C:\Users\koloz\Documents\Files\Iskola\2024-25\web\school_OOP\app\Database\Database.php:36
Stack trace:
#0 C:\Users\koloz\Documents\Files\Iskola\2024-25\web\school_OOP\app\Database\Database.php(43): App\Database\Database->__construct(Array)
#1 C:\Users\koloz\Documents\Files\Iskola\2024-25\web\school_OOP\app\Models\Model.php(16): App\Database\Database::getInstance()
#2 C:\Users\koloz\Documents\Files\Iskola\2024-25\web\school_OOP\app\Models\ClassModel.php(13): App\Models\Model->__construct()
#3 C:\Users\koloz\Documents\Files\Iskola\2024-25\web\school_OOP\app\Controllers\ClassController.php(11): App\Models\ClassModel->__construct()
#4 C:\Users\koloz\Documents\Files\Iskola\2024-25\web\school_OOP\app\Routing\Router.php(57): App\Controllers\ClassController->__construct()
#5 C:\Users\koloz\Documents\Files\Iskola\2024-25\web\school_OOP\app\Routing\Router.php(30): App\Routing\Router->handleGetRequests('/classes')
#6 C:\Users\koloz\Documents\Files\Iskola\2024-25\web\school_OOP\app\Routing\Router.php(23): App\Routing\Router->dispatch('GET', '/classes')
#7 C:\Users\koloz\Documents\Files\Iskola\2024-25\web\school_OOP\Public\index.php(11): App\Routing\Router->handle()
#8 {main}
  thrown in C:\Users\koloz\Documents\Files\Iskola\2024-25\web\school_OOP\app\Database\Database.php on line 36
[09-Apr-2025 12:31:17 UTC] could not find driver
[09-Apr-2025 12:31:17 UTC] PHP Fatal error:  Uncaught RuntimeException: Database connection error.could not find driver in C:\Users\koloz\Documents\Files\Iskola\2024-25\web\school_OOP\app\Database\Database.php:36
Stack trace:
#0 C:\Users\koloz\Documents\Files\Iskola\2024-25\web\school_OOP\app\Database\Database.php(43): App\Database\Database->__construct(Array)
#1 C:\Users\koloz\Documents\Files\Iskola\2024-25\web\school_OOP\app\Models\Model.php(16): App\Database\Database::getInstance()
#2 C:\Users\koloz\Documents\Files\Iskola\2024-25\web\school_OOP\app\Models\ClassModel.php(13): App\Models\Model->__construct()
#3 C:\Users\koloz\Documents\Files\Iskola\2024-25\web\school_OOP\app\Controllers\ClassController.php(11): App\Models\ClassModel->__construct()
#4 C:\Users\koloz\Documents\Files\Iskola\2024-25\web\school_OOP\app\Routing\Router.php(57): App\Controllers\ClassController->__construct()
#5 C:\Users\koloz\Documents\Files\Iskola\2024-25\web\school_OOP\app\Routing\Router.php(30): App\Routing\Router->handleGetRequests('/classes')
#6 C:\Users\koloz\Documents\Files\Iskola\2024-25\web\school_OOP\app\Routing\Router.php(23): App\Routing\Router->dispatch('GET', '/classes')
#7 C:\Users\koloz\Documents\Files\Iskola\2024-25\web\school_OOP\Public\index.php(11): App\Routing\Router->handle()
#8 {main}
  thrown in C:\Users\koloz\Documents\Files\Iskola\2024-25\web\school_OOP\app\Database\Database.php on line 36
[09-Apr-2025 12:31:17 UTC] could not find driver
[09-Apr-2025 12:31:17 UTC] PHP Fatal error:  Uncaught RuntimeException: Database connection error.could not find driver in C:\Users\koloz\Documents\Files\Iskola\2024-25\web\school_OOP\app\Database\Database.php:36
Stack trace:
#0 C:\Users\koloz\Documents\Files\Iskola\2024-25\web\school_OOP\app\Database\Database.php(43): App\Database\Database->__construct(Array)
#1 C:\Users\koloz\Documents\Files\Iskola\2024-25\web\school_OOP\app\Models\Model.php(16): App\Database\Database::getInstance()
#2 C:\Users\koloz\Documents\Files\Iskola\2024-25\web\school_OOP\app\Models\ClassModel.php(13): App\Models\Model->__construct()
#3 C:\Users\koloz\Documents\Files\Iskola\2024-25\web\school_OOP\app\Controllers\ClassController.php(11): App\Models\ClassModel->__construct()
#4 C:\Users\koloz\Documents\Files\Iskola\2024-25\web\school_OOP\app\Routing\Router.php(57): App\Controllers\ClassController->__construct()
#5 C:\Users\koloz\Documents\Files\Iskola\2024-25\web\school_OOP\app\Routing\Router.php(30): App\Routing\Router->handleGetRequests('/classes')
#6 C:\Users\koloz\Documents\Files\Iskola\2024-25\web\school_OOP\app\Routing\Router.php(23): App\Routing\Router->dispatch('GET', '/classes')
#7 C:\Users\koloz\Documents\Files\Iskola\2024-25\web\school_OOP\Public\index.php(11): App\Routing\Router->handle()
#8 {main}
  thrown in C:\Users\koloz\Documents\Files\Iskola\2024-25\web\school_OOP\app\Database\Database.php on line 36
[09-Apr-2025 12:34:36 UTC] SQLSTATE[42000]: Syntax error or access violation: 1064 You have an error in your SQL syntax; check the manual that corresponds to your MySQL server version for the right syntax to use near '' at line 1
[09-Apr-2025 12:34:37 UTC] SQLSTATE[42000]: Syntax error or access violation: 1064 You have an error in your SQL syntax; check the manual that corresponds to your MySQL server version for the right syntax to use near '' at line 1
[09-Apr-2025 12:34:47 UTC] SQLSTATE[42000]: Syntax error or access violation: 1064 You have an error in your SQL syntax; check the manual that corresponds to your MySQL server version for the right syntax to use near '' at line 1
[09-Apr-2025 12:34:48 UTC] SQLSTATE[42000]: Syntax error or access violation: 1064 You have an error in your SQL syntax; check the manual that corresponds to your MySQL server version for the right syntax to use near '' at line 1
[09-Apr-2025 12:34:52 UTC] SQLSTATE[42000]: Syntax error or access violation: 1064 You have an error in your SQL syntax; check the manual that corresponds to your MySQL server version for the right syntax to use near '' at line 1
[09-Apr-2025 12:34:53 UTC] SQLSTATE[42000]: Syntax error or access violation: 1064 You have an error in your SQL syntax; check the manual that corresponds to your MySQL server version for the right syntax to use near '' at line 1
[09-Apr-2025 12:34:54 UTC] SQLSTATE[42000]: Syntax error or access violation: 1064 You have an error in your SQL syntax; check the manual that corresponds to your MySQL server version for the right syntax to use near '' at line 1
[09-Apr-2025 12:34:54 UTC] SQLSTATE[42000]: Syntax error or access violation: 1064 You have an error in your SQL syntax; check the manual that corresponds to your MySQL server version for the right syntax to use near '' at line 1
[09-Apr-2025 12:35:41 UTC] SQLSTATE[42000]: Syntax error or access violation: 1064 You have an error in your SQL syntax; check the manual that corresponds to your MySQL server version for the right syntax to use near '' at line 1
[09-Apr-2025 12:35:43 UTC] SQLSTATE[42000]: Syntax error or access violation: 1064 You have an error in your SQL syntax; check the manual that corresponds to your MySQL server version for the right syntax to use near '' at line 1
[09-Apr-2025 12:35:43 UTC] SQLSTATE[42000]: Syntax error or access violation: 1064 You have an error in your SQL syntax; check the manual that corresponds to your MySQL server version for the right syntax to use near '' at line 1
[09-Apr-2025 12:36:19 UTC] SQLSTATE[42000]: Syntax error or access violation: 1064 You have an error in your SQL syntax; check the manual that corresponds to your MySQL server version for the right syntax to use near '' at line 1
[09-Apr-2025 12:36:28 UTC] SQLSTATE[42000]: Syntax error or access violation: 1064 You have an error in your SQL syntax; check the manual that corresponds to your MySQL server version for the right syntax to use near '' at line 1
[09-Apr-2025 12:36:31 UTC] SQLSTATE[42000]: Syntax error or access violation: 1064 You have an error in your SQL syntax; check the manual that corresponds to your MySQL server version for the right syntax to use near '' at line 1
[09-Apr-2025 12:36:41 UTC] SQLSTATE[42000]: Syntax error or access violation: 1064 You have an error in your SQL syntax; check the manual that corresponds to your MySQL server version for the right syntax to use near '' at line 1
[09-Apr-2025 12:36:41 UTC] SQLSTATE[42000]: Syntax error or access violation: 1064 You have an error in your SQL syntax; check the manual that corresponds to your MySQL server version for the right syntax to use near '' at line 1
[09-Apr-2025 12:36:41 UTC] SQLSTATE[42000]: Syntax error or access violation: 1064 You have an error in your SQL syntax; check the manual that corresponds to your MySQL server version for the right syntax to use near '' at line 1
[09-Apr-2025 12:37:10 UTC] SQLSTATE[42000]: Syntax error or access violation: 1064 You have an error in your SQL syntax; check the manual that corresponds to your MySQL server version for the right syntax to use near '' at line 1
[09-Apr-2025 12:37:10 UTC] PHP Warning:  Array to string conversion in C:\Users\koloz\Documents\Files\Iskola\2024-25\web\school_OOP\app\Views\Subjects\index.php on line 29
[09-Apr-2025 12:38:00 UTC] SQLSTATE[42000]: Syntax error or access violation: 1064 You have an error in your SQL syntax; check the manual that corresponds to your MySQL server version for the right syntax to use near '' at line 1
[09-Apr-2025 12:38:00 UTC] PHP Warning:  Array to string conversion in C:\Users\koloz\Documents\Files\Iskola\2024-25\web\school_OOP\app\Views\Subjects\index.php on line 23
[09-Apr-2025 12:38:02 UTC] SQLSTATE[42000]: Syntax error or access violation: 1064 You have an error in your SQL syntax; check the manual that corresponds to your MySQL server version for the right syntax to use near '' at line 1
[09-Apr-2025 12:38:02 UTC] PHP Warning:  Array to string conversion in C:\Users\koloz\Documents\Files\Iskola\2024-25\web\school_OOP\app\Views\Subjects\index.php on line 23
[09-Apr-2025 12:38:02 UTC] SQLSTATE[42000]: Syntax error or access violation: 1064 You have an error in your SQL syntax; check the manual that corresponds to your MySQL server version for the right syntax to use near '' at line 1
[09-Apr-2025 12:38:02 UTC] PHP Warning:  Array to string conversion in C:\Users\koloz\Documents\Files\Iskola\2024-25\web\school_OOP\app\Views\Subjects\index.php on line 23
[09-Apr-2025 12:38:10 UTC] SQLSTATE[42000]: Syntax error or access violation: 1064 You have an error in your SQL syntax; check the manual that corresponds to your MySQL server version for the right syntax to use near '' at line 1
[09-Apr-2025 12:38:10 UTC] PHP Warning:  Undefined array key "class_name" in C:\Users\koloz\Documents\Files\Iskola\2024-25\web\school_OOP\app\Views\Subjects\index.php on line 23
[09-Apr-2025 12:38:14 UTC] SQLSTATE[42000]: Syntax error or access violation: 1064 You have an error in your SQL syntax; check the manual that corresponds to your MySQL server version for the right syntax to use near '' at line 1
[09-Apr-2025 12:38:14 UTC] PHP Warning:  Undefined array key "id" in C:\Users\koloz\Documents\Files\Iskola\2024-25\web\school_OOP\app\Views\Subjects\index.php on line 23
[09-Apr-2025 12:38:16 UTC] SQLSTATE[42000]: Syntax error or access violation: 1064 You have an error in your SQL syntax; check the manual that corresponds to your MySQL server version for the right syntax to use near '' at line 1
[09-Apr-2025 12:38:16 UTC] PHP Warning:  Undefined array key 1 in C:\Users\koloz\Documents\Files\Iskola\2024-25\web\school_OOP\app\Views\Subjects\index.php on line 23
[09-Apr-2025 12:38:20 UTC] SQLSTATE[42000]: Syntax error or access violation: 1064 You have an error in your SQL syntax; check the manual that corresponds to your MySQL server version for the right syntax to use near '' at line 1
[09-Apr-2025 12:38:20 UTC] PHP Warning:  Undefined array key 2 in C:\Users\koloz\Documents\Files\Iskola\2024-25\web\school_OOP\app\Views\Subjects\index.php on line 23
[09-Apr-2025 12:38:20 UTC] SQLSTATE[42000]: Syntax error or access violation: 1064 You have an error in your SQL syntax; check the manual that corresponds to your MySQL server version for the right syntax to use near '' at line 1
[09-Apr-2025 12:38:20 UTC] PHP Warning:  Undefined array key 2 in C:\Users\koloz\Documents\Files\Iskola\2024-25\web\school_OOP\app\Views\Subjects\index.php on line 23
[09-Apr-2025 12:38:22 UTC] SQLSTATE[42000]: Syntax error or access violation: 1064 You have an error in your SQL syntax; check the manual that corresponds to your MySQL server version for the right syntax to use near '' at line 1
[09-Apr-2025 12:38:22 UTC] PHP Warning:  Array to string conversion in C:\Users\koloz\Documents\Files\Iskola\2024-25\web\school_OOP\app\Views\Subjects\index.php on line 23
[09-Apr-2025 12:38:41 UTC] SQLSTATE[42000]: Syntax error or access violation: 1064 You have an error in your SQL syntax; check the manual that corresponds to your MySQL server version for the right syntax to use near '' at line 1
[09-Apr-2025 12:38:58 UTC] SQLSTATE[42000]: Syntax error or access violation: 1064 You have an error in your SQL syntax; check the manual that corresponds to your MySQL server version for the right syntax to use near '' at line 1
[09-Apr-2025 12:39:59 UTC] SQLSTATE[42000]: Syntax error or access violation: 1064 You have an error in your SQL syntax; check the manual that corresponds to your MySQL server version for the right syntax to use near '' at line 1
[09-Apr-2025 12:40:00 UTC] SQLSTATE[42000]: Syntax error or access violation: 1064 You have an error in your SQL syntax; check the manual that corresponds to your MySQL server version for the right syntax to use near '' at line 1
[09-Apr-2025 12:40:03 UTC] SQLSTATE[42000]: Syntax error or access violation: 1064 You have an error in your SQL syntax; check the manual that corresponds to your MySQL server version for the right syntax to use near '' at line 1
[09-Apr-2025 12:40:06 UTC] SQLSTATE[42000]: Syntax error or access violation: 1064 You have an error in your SQL syntax; check the manual that corresponds to your MySQL server version for the right syntax to use near '' at line 1
[09-Apr-2025 12:40:07 UTC] SQLSTATE[42000]: Syntax error or access violation: 1064 You have an error in your SQL syntax; check the manual that corresponds to your MySQL server version for the right syntax to use near '' at line 1
[09-Apr-2025 12:40:07 UTC] SQLSTATE[42000]: Syntax error or access violation: 1064 You have an error in your SQL syntax; check the manual that corresponds to your MySQL server version for the right syntax to use near '' at line 1
[09-Apr-2025 12:40:17 UTC] SQLSTATE[42000]: Syntax error or access violation: 1064 You have an error in your SQL syntax; check the manual that corresponds to your MySQL server version for the right syntax to use near '' at line 1
[09-Apr-2025 12:40:19 UTC] SQLSTATE[42000]: Syntax error or access violation: 1064 You have an error in your SQL syntax; check the manual that corresponds to your MySQL server version for the right syntax to use near '' at line 1
[09-Apr-2025 12:40:49 UTC] SQLSTATE[42000]: Syntax error or access violation: 1064 You have an error in your SQL syntax; check the manual that corresponds to your MySQL server version for the right syntax to use near '' at line 1
[09-Apr-2025 12:40:53 UTC] SQLSTATE[42000]: Syntax error or access violation: 1064 You have an error in your SQL syntax; check the manual that corresponds to your MySQL server version for the right syntax to use near '' at line 1
[09-Apr-2025 12:40:54 UTC] SQLSTATE[42000]: Syntax error or access violation: 1064 You have an error in your SQL syntax; check the manual that corresponds to your MySQL server version for the right syntax to use near '' at line 1
[09-Apr-2025 12:43:27 UTC] SQLSTATE[42000]: Syntax error or access violation: 1064 You have an error in your SQL syntax; check the manual that corresponds to your MySQL server version for the right syntax to use near '' at line 1
[09-Apr-2025 12:43:28 UTC] SQLSTATE[42000]: Syntax error or access violation: 1064 You have an error in your SQL syntax; check the manual that corresponds to your MySQL server version for the right syntax to use near '' at line 1
[09-Apr-2025 12:43:28 UTC] SQLSTATE[42000]: Syntax error or access violation: 1064 You have an error in your SQL syntax; check the manual that corresponds to your MySQL server version for the right syntax to use near '' at line 1
[09-Apr-2025 12:43:46 UTC] SQLSTATE[42000]: Syntax error or access violation: 1064 You have an error in your SQL syntax; check the manual that corresponds to your MySQL server version for the right syntax to use near '' at line 1
[09-Apr-2025 12:43:47 UTC] SQLSTATE[42000]: Syntax error or access violation: 1064 You have an error in your SQL syntax; check the manual that corresponds to your MySQL server version for the right syntax to use near '' at line 1
[09-Apr-2025 12:43:47 UTC] SQLSTATE[42000]: Syntax error or access violation: 1064 You have an error in your SQL syntax; check the manual that corresponds to your MySQL server version for the right syntax to use near '' at line 1
[09-Apr-2025 12:43:47 UTC] SQLSTATE[42000]: Syntax error or access violation: 1064 You have an error in your SQL syntax; check the manual that corresponds to your MySQL server version for the right syntax to use near '' at line 1
[09-Apr-2025 12:43:48 UTC] SQLSTATE[42000]: Syntax error or access violation: 1064 You have an error in your SQL syntax; check the manual that corresponds to your MySQL server version for the right syntax to use near '' at line 1
[09-Apr-2025 12:43:48 UTC] SQLSTATE[42000]: Syntax error or access violation: 1064 You have an error in your SQL syntax; check the manual that corresponds to your MySQL server version for the right syntax to use near '' at line 1
[09-Apr-2025 12:44:14 UTC] SQLSTATE[42000]: Syntax error or access violation: 1064 You have an error in your SQL syntax; check the manual that corresponds to your MySQL server version for the right syntax to use near '' at line 1
[09-Apr-2025 12:44:15 UTC] SQLSTATE[42000]: Syntax error or access violation: 1064 You have an error in your SQL syntax; check the manual that corresponds to your MySQL server version for the right syntax to use near '' at line 1
[09-Apr-2025 12:44:15 UTC] SQLSTATE[42000]: Syntax error or access violation: 1064 You have an error in your SQL syntax; check the manual that corresponds to your MySQL server version for the right syntax to use near '' at line 1
[09-Apr-2025 12:44:16 UTC] SQLSTATE[42000]: Syntax error or access violation: 1064 You have an error in your SQL syntax; check the manual that corresponds to your MySQL server version for the right syntax to use near '' at line 1
[09-Apr-2025 12:44:16 UTC] SQLSTATE[42000]: Syntax error or access violation: 1064 You have an error in your SQL syntax; check the manual that corresponds to your MySQL server version for the right syntax to use near '' at line 1
[09-Apr-2025 12:44:17 UTC] SQLSTATE[42000]: Syntax error or access violation: 1064 You have an error in your SQL syntax; check the manual that corresponds to your MySQL server version for the right syntax to use near '' at line 1
[09-Apr-2025 12:44:17 UTC] SQLSTATE[42000]: Syntax error or access violation: 1064 You have an error in your SQL syntax; check the manual that corresponds to your MySQL server version for the right syntax to use near '' at line 1
[09-Apr-2025 12:44:36 UTC] SQLSTATE[42000]: Syntax error or access violation: 1064 You have an error in your SQL syntax; check the manual that corresponds to your MySQL server version for the right syntax to use near '' at line 1
[09-Apr-2025 12:44:37 UTC] SQLSTATE[42000]: Syntax error or access violation: 1064 You have an error in your SQL syntax; check the manual that corresponds to your MySQL server version for the right syntax to use near '' at line 1
[09-Apr-2025 12:44:38 UTC] SQLSTATE[42000]: Syntax error or access violation: 1064 You have an error in your SQL syntax; check the manual that corresponds to your MySQL server version for the right syntax to use near '' at line 1
[09-Apr-2025 12:44:39 UTC] SQLSTATE[42000]: Syntax error or access violation: 1064 You have an error in your SQL syntax; check the manual that corresponds to your MySQL server version for the right syntax to use near '' at line 1
[09-Apr-2025 12:44:52 UTC] SQLSTATE[42000]: Syntax error or access violation: 1064 You have an error in your SQL syntax; check the manual that corresponds to your MySQL server version for the right syntax to use near '' at line 1
[09-Apr-2025 12:44:52 UTC] SQLSTATE[42000]: Syntax error or access violation: 1064 You have an error in your SQL syntax; check the manual that corresponds to your MySQL server version for the right syntax to use near '' at line 1
[09-Apr-2025 12:44:53 UTC] SQLSTATE[42000]: Syntax error or access violation: 1064 You have an error in your SQL syntax; check the manual that corresponds to your MySQL server version for the right syntax to use near '' at line 1
[09-Apr-2025 12:50:14 UTC] SQLSTATE[42000]: Syntax error or access violation: 1064 You have an error in your SQL syntax; check the manual that corresponds to your MySQL server version for the right syntax to use near '' at line 1
[09-Apr-2025 12:50:15 UTC] SQLSTATE[42000]: Syntax error or access violation: 1064 You have an error in your SQL syntax; check the manual that corresponds to your MySQL server version for the right syntax to use near '' at line 1
[09-Apr-2025 12:50:15 UTC] SQLSTATE[42000]: Syntax error or access violation: 1064 You have an error in your SQL syntax; check the manual that corresponds to your MySQL server version for the right syntax to use near '' at line 1
[09-Apr-2025 12:50:37 UTC] SQLSTATE[42000]: Syntax error or access violation: 1064 You have an error in your SQL syntax; check the manual that corresponds to your MySQL server version for the right syntax to use near '' at line 1
[09-Apr-2025 12:50:38 UTC] SQLSTATE[42000]: Syntax error or access violation: 1064 You have an error in your SQL syntax; check the manual that corresponds to your MySQL server version for the right syntax to use near '' at line 1
[09-Apr-2025 12:50:38 UTC] SQLSTATE[42000]: Syntax error or access violation: 1064 You have an error in your SQL syntax; check the manual that corresponds to your MySQL server version for the right syntax to use near '' at line 1
[09-Apr-2025 12:50:38 UTC] SQLSTATE[42000]: Syntax error or access violation: 1064 You have an error in your SQL syntax; check the manual that corresponds to your MySQL server version for the right syntax to use near '' at line 1
[09-Apr-2025 12:50:39 UTC] SQLSTATE[42000]: Syntax error or access violation: 1064 You have an error in your SQL syntax; check the manual that corresponds to your MySQL server version for the right syntax to use near '' at line 1
[09-Apr-2025 12:50:39 UTC] SQLSTATE[42000]: Syntax error or access violation: 1064 You have an error in your SQL syntax; check the manual that corresponds to your MySQL server version for the right syntax to use near '' at line 1
[09-Apr-2025 12:50:59 UTC] SQLSTATE[42000]: Syntax error or access violation: 1064 You have an error in your SQL syntax; check the manual that corresponds to your MySQL server version for the right syntax to use near '' at line 1
[09-Apr-2025 12:51:00 UTC] SQLSTATE[42000]: Syntax error or access violation: 1064 You have an error in your SQL syntax; check the manual that corresponds to your MySQL server version for the right syntax to use near '' at line 1
[09-Apr-2025 12:51:00 UTC] SQLSTATE[42000]: Syntax error or access violation: 1064 You have an error in your SQL syntax; check the manual that corresponds to your MySQL server version for the right syntax to use near '' at line 1
[09-Apr-2025 12:51:01 UTC] SQLSTATE[42000]: Syntax error or access violation: 1064 You have an error in your SQL syntax; check the manual that corresponds to your MySQL server version for the right syntax to use near '' at line 1
[09-Apr-2025 12:51:26 UTC] SQLSTATE[42000]: Syntax error or access violation: 1064 You have an error in your SQL syntax; check the manual that corresponds to your MySQL server version for the right syntax to use near '' at line 1
[09-Apr-2025 12:51:27 UTC] SQLSTATE[42000]: Syntax error or access violation: 1064 You have an error in your SQL syntax; check the manual that corresponds to your MySQL server version for the right syntax to use near '' at line 1
[09-Apr-2025 12:51:28 UTC] SQLSTATE[42000]: Syntax error or access violation: 1064 You have an error in your SQL syntax; check the manual that corresponds to your MySQL server version for the right syntax to use near '' at line 1
[09-Apr-2025 12:51:28 UTC] SQLSTATE[42000]: Syntax error or access violation: 1064 You have an error in your SQL syntax; check the manual that corresponds to your MySQL server version for the right syntax to use near '' at line 1
[09-Apr-2025 12:51:52 UTC] SQLSTATE[42000]: Syntax error or access violation: 1064 You have an error in your SQL syntax; check the manual that corresponds to your MySQL server version for the right syntax to use near '' at line 1
[09-Apr-2025 12:51:52 UTC] SQLSTATE[42000]: Syntax error or access violation: 1064 You have an error in your SQL syntax; check the manual that corresponds to your MySQL server version for the right syntax to use near '' at line 1
[09-Apr-2025 12:51:53 UTC] SQLSTATE[42000]: Syntax error or access violation: 1064 You have an error in your SQL syntax; check the manual that corresponds to your MySQL server version for the right syntax to use near '' at line 1
[09-Apr-2025 12:51:53 UTC] SQLSTATE[42000]: Syntax error or access violation: 1064 You have an error in your SQL syntax; check the manual that corresponds to your MySQL server version for the right syntax to use near '' at line 1
[09-Apr-2025 12:51:53 UTC] SQLSTATE[42000]: Syntax error or access violation: 1064 You have an error in your SQL syntax; check the manual that corresponds to your MySQL server version for the right syntax to use near '' at line 1
[09-Apr-2025 12:51:54 UTC] SQLSTATE[42000]: Syntax error or access violation: 1064 You have an error in your SQL syntax; check the manual that corresponds to your MySQL server version for the right syntax to use near '' at line 1
[09-Apr-2025 12:51:54 UTC] SQLSTATE[42000]: Syntax error or access violation: 1064 You have an error in your SQL syntax; check the manual that corresponds to your MySQL server version for the right syntax to use near '' at line 1
[09-Apr-2025 12:51:54 UTC] SQLSTATE[42000]: Syntax error or access violation: 1064 You have an error in your SQL syntax; check the manual that corresponds to your MySQL server version for the right syntax to use near '' at line 1
[09-Apr-2025 12:53:00 UTC] SQLSTATE[42000]: Syntax error or access violation: 1064 You have an error in your SQL syntax; check the manual that corresponds to your MySQL server version for the right syntax to use near '' at line 1
[09-Apr-2025 12:53:18 UTC] SQLSTATE[42000]: Syntax error or access violation: 1064 You have an error in your SQL syntax; check the manual that corresponds to your MySQL server version for the right syntax to use near '' at line 1
[09-Apr-2025 12:54:14 UTC] SQLSTATE[42000]: Syntax error or access violation: 1064 You have an error in your SQL syntax; check the manual that corresponds to your MySQL server version for the right syntax to use near '' at line 1
[09-Apr-2025 12:54:14 UTC] SQLSTATE[42000]: Syntax error or access violation: 1064 You have an error in your SQL syntax; check the manual that corresponds to your MySQL server version for the right syntax to use near '' at line 1
[09-Apr-2025 12:54:14 UTC] SQLSTATE[42000]: Syntax error or access violation: 1064 You have an error in your SQL syntax; check the manual that corresponds to your MySQL server version for the right syntax to use near '' at line 1
[09-Apr-2025 12:54:14 UTC] View not found: C:\Users\koloz\Documents\Files\Iskola\2024-25\web\school_OOP\app\Views\subjects/index.php.php
[09-Apr-2025 12:54:14 UTC] SQLSTATE[42000]: Syntax error or access violation: 1064 You have an error in your SQL syntax; check the manual that corresponds to your MySQL server version for the right syntax to use near '' at line 1
[09-Apr-2025 12:54:15 UTC] SQLSTATE[42000]: Syntax error or access violation: 1064 You have an error in your SQL syntax; check the manual that corresponds to your MySQL server version for the right syntax to use near '' at line 1
[09-Apr-2025 12:54:15 UTC] View not found: C:\Users\koloz\Documents\Files\Iskola\2024-25\web\school_OOP\app\Views\subjects/index.php.php
[09-Apr-2025 12:54:15 UTC] SQLSTATE[42000]: Syntax error or access violation: 1064 You have an error in your SQL syntax; check the manual that corresponds to your MySQL server version for the right syntax to use near '' at line 1
[09-Apr-2025 12:54:15 UTC] SQLSTATE[42000]: Syntax error or access violation: 1064 You have an error in your SQL syntax; check the manual that corresponds to your MySQL server version for the right syntax to use near '' at line 1
[09-Apr-2025 12:54:15 UTC] View not found: C:\Users\koloz\Documents\Files\Iskola\2024-25\web\school_OOP\app\Views\subjects/index.php.php
[09-Apr-2025 12:54:15 UTC] SQLSTATE[42000]: Syntax error or access violation: 1064 You have an error in your SQL syntax; check the manual that corresponds to your MySQL server version for the right syntax to use near '' at line 1
[09-Apr-2025 12:54:15 UTC] SQLSTATE[42000]: Syntax error or access violation: 1064 You have an error in your SQL syntax; check the manual that corresponds to your MySQL server version for the right syntax to use near '' at line 1
[09-Apr-2025 12:54:15 UTC] View not found: C:\Users\koloz\Documents\Files\Iskola\2024-25\web\school_OOP\app\Views\subjects/index.php.php
[09-Apr-2025 12:54:15 UTC] SQLSTATE[42000]: Syntax error or access violation: 1064 You have an error in your SQL syntax; check the manual that corresponds to your MySQL server version for the right syntax to use near '' at line 1
[09-Apr-2025 12:54:15 UTC] SQLSTATE[42000]: Syntax error or access violation: 1064 You have an error in your SQL syntax; check the manual that corresponds to your MySQL server version for the right syntax to use near '' at line 1
[09-Apr-2025 12:54:15 UTC] View not found: C:\Users\koloz\Documents\Files\Iskola\2024-25\web\school_OOP\app\Views\subjects/index.php.php
[09-Apr-2025 12:54:21 UTC] SQLSTATE[42000]: Syntax error or access violation: 1064 You have an error in your SQL syntax; check the manual that corresponds to your MySQL server version for the right syntax to use near '' at line 1
[09-Apr-2025 12:54:23 UTC] SQLSTATE[42000]: Syntax error or access violation: 1064 You have an error in your SQL syntax; check the manual that corresponds to your MySQL server version for the right syntax to use near '' at line 1
[09-Apr-2025 12:54:24 UTC] SQLSTATE[42000]: Syntax error or access violation: 1064 You have an error in your SQL syntax; check the manual that corresponds to your MySQL server version for the right syntax to use near '' at line 1
[09-Apr-2025 12:54:25 UTC] SQLSTATE[42000]: Syntax error or access violation: 1064 You have an error in your SQL syntax; check the manual that corresponds to your MySQL server version for the right syntax to use near '' at line 1
[09-Apr-2025 12:54:26 UTC] SQLSTATE[42000]: Syntax error or access violation: 1064 You have an error in your SQL syntax; check the manual that corresponds to your MySQL server version for the right syntax to use near '' at line 1
[09-Apr-2025 12:54:27 UTC] SQLSTATE[42000]: Syntax error or access violation: 1064 You have an error in your SQL syntax; check the manual that corresponds to your MySQL server version for the right syntax to use near '' at line 1
[09-Apr-2025 12:55:23 UTC] SQLSTATE[42000]: Syntax error or access violation: 1064 You have an error in your SQL syntax; check the manual that corresponds to your MySQL server version for the right syntax to use near '' at line 1
[09-Apr-2025 12:55:37 UTC] SQLSTATE[42000]: Syntax error or access violation: 1064 You have an error in your SQL syntax; check the manual that corresponds to your MySQL server version for the right syntax to use near '' at line 1
[09-Apr-2025 12:55:38 UTC] SQLSTATE[42000]: Syntax error or access violation: 1064 You have an error in your SQL syntax; check the manual that corresponds to your MySQL server version for the right syntax to use near '' at line 1
[09-Apr-2025 12:55:39 UTC] SQLSTATE[42000]: Syntax error or access violation: 1064 You have an error in your SQL syntax; check the manual that corresponds to your MySQL server version for the right syntax to use near '' at line 1
[09-Apr-2025 12:55:40 UTC] SQLSTATE[42000]: Syntax error or access violation: 1064 You have an error in your SQL syntax; check the manual that corresponds to your MySQL server version for the right syntax to use near '' at line 1
[09-Apr-2025 12:55:52 UTC] SQLSTATE[42000]: Syntax error or access violation: 1064 You have an error in your SQL syntax; check the manual that corresponds to your MySQL server version for the right syntax to use near '' at line 1
[09-Apr-2025 12:58:14 UTC] SQLSTATE[42000]: Syntax error or access violation: 1064 You have an error in your SQL syntax; check the manual that corresponds to your MySQL server version for the right syntax to use near '' at line 1
[09-Apr-2025 12:58:19 UTC] SQLSTATE[42000]: Syntax error or access violation: 1064 You have an error in your SQL syntax; check the manual that corresponds to your MySQL server version for the right syntax to use near '' at line 1
[09-Apr-2025 13:00:15 UTC] SQLSTATE[42000]: Syntax error or access violation: 1064 You have an error in your SQL syntax; check the manual that corresponds to your MySQL server version for the right syntax to use near '' at line 1
[09-Apr-2025 13:00:16 UTC] SQLSTATE[42000]: Syntax error or access violation: 1064 You have an error in your SQL syntax; check the manual that corresponds to your MySQL server version for the right syntax to use near '' at line 1
[09-Apr-2025 13:00:17 UTC] SQLSTATE[42000]: Syntax error or access violation: 1064 You have an error in your SQL syntax; check the manual that corresponds to your MySQL server version for the right syntax to use near '' at line 1
[09-Apr-2025 13:01:12 UTC] SQLSTATE[42000]: Syntax error or access violation: 1064 You have an error in your SQL syntax; check the manual that corresponds to your MySQL server version for the right syntax to use near '' at line 1
[09-Apr-2025 13:01:13 UTC] SQLSTATE[42000]: Syntax error or access violation: 1064 You have an error in your SQL syntax; check the manual that corresponds to your MySQL server version for the right syntax to use near '' at line 1
[09-Apr-2025 13:01:14 UTC] SQLSTATE[42000]: Syntax error or access violation: 1064 You have an error in your SQL syntax; check the manual that corresponds to your MySQL server version for the right syntax to use near '' at line 1
[09-Apr-2025 13:01:24 UTC] SQLSTATE[42000]: Syntax error or access violation: 1064 You have an error in your SQL syntax; check the manual that corresponds to your MySQL server version for the right syntax to use near '' at line 1
[09-Apr-2025 13:01:25 UTC] SQLSTATE[42000]: Syntax error or access violation: 1064 You have an error in your SQL syntax; check the manual that corresponds to your MySQL server version for the right syntax to use near '' at line 1
[09-Apr-2025 13:01:25 UTC] SQLSTATE[42000]: Syntax error or access violation: 1064 You have an error in your SQL syntax; check the manual that corresponds to your MySQL server version for the right syntax to use near '' at line 1
[09-Apr-2025 13:01:26 UTC] SQLSTATE[42000]: Syntax error or access violation: 1064 You have an error in your SQL syntax; check the manual that corresponds to your MySQL server version for the right syntax to use near '' at line 1
[09-Apr-2025 13:01:29 UTC] SQLSTATE[42000]: Syntax error or access violation: 1064 You have an error in your SQL syntax; check the manual that corresponds to your MySQL server version for the right syntax to use near '' at line 1
[09-Apr-2025 13:01:40 UTC] SQLSTATE[42000]: Syntax error or access violation: 1064 You have an error in your SQL syntax; check the manual that corresponds to your MySQL server version for the right syntax to use near '' at line 1
[09-Apr-2025 13:01:41 UTC] SQLSTATE[42000]: Syntax error or access violation: 1064 You have an error in your SQL syntax; check the manual that corresponds to your MySQL server version for the right syntax to use near '' at line 1
[09-Apr-2025 13:01:44 UTC] SQLSTATE[42000]: Syntax error or access violation: 1064 You have an error in your SQL syntax; check the manual that corresponds to your MySQL server version for the right syntax to use near '' at line 1
[09-Apr-2025 13:02:20 UTC] SQLSTATE[42000]: Syntax error or access violation: 1064 You have an error in your SQL syntax; check the manual that corresponds to your MySQL server version for the right syntax to use near '' at line 1
[09-Apr-2025 13:02:22 UTC] SQLSTATE[42000]: Syntax error or access violation: 1064 You have an error in your SQL syntax; check the manual that corresponds to your MySQL server version for the right syntax to use near '' at line 1
[09-Apr-2025 13:02:22 UTC] SQLSTATE[42000]: Syntax error or access violation: 1064 You have an error in your SQL syntax; check the manual that corresponds to your MySQL server version for the right syntax to use near '' at line 1
[09-Apr-2025 13:02:23 UTC] SQLSTATE[42000]: Syntax error or access violation: 1064 You have an error in your SQL syntax; check the manual that corresponds to your MySQL server version for the right syntax to use near '' at line 1
[09-Apr-2025 13:02:47 UTC] SQLSTATE[42000]: Syntax error or access violation: 1064 You have an error in your SQL syntax; check the manual that corresponds to your MySQL server version for the right syntax to use near '' at line 1
[09-Apr-2025 13:05:06 UTC] PHP Fatal error:  Type of App\Models\Subject::$table must not be defined (as in class App\Models\Model) in C:\Users\koloz\Documents\Files\Iskola\2024-25\web\school_OOP\app\Models\Subject.php on line 5
[09-Apr-2025 13:05:53 UTC] PHP Fatal error:  Type of App\Models\Subject::$table must not be defined (as in class App\Models\Model) in C:\Users\koloz\Documents\Files\Iskola\2024-25\web\school_OOP\app\Models\Subject.php on line 5
[09-Apr-2025 13:05:53 UTC] PHP Fatal error:  Type of App\Models\Subject::$table must not be defined (as in class App\Models\Model) in C:\Users\koloz\Documents\Files\Iskola\2024-25\web\school_OOP\app\Models\Subject.php on line 5
[09-Apr-2025 13:05:54 UTC] PHP Fatal error:  Type of App\Models\Subject::$table must not be defined (as in class App\Models\Model) in C:\Users\koloz\Documents\Files\Iskola\2024-25\web\school_OOP\app\Models\Subject.php on line 5
[09-Apr-2025 13:05:54 UTC] PHP Fatal error:  Type of App\Models\Subject::$table must not be defined (as in class App\Models\Model) in C:\Users\koloz\Documents\Files\Iskola\2024-25\web\school_OOP\app\Models\Subject.php on line 5
[09-Apr-2025 13:05:54 UTC] PHP Fatal error:  Type of App\Models\Subject::$table must not be defined (as in class App\Models\Model) in C:\Users\koloz\Documents\Files\Iskola\2024-25\web\school_OOP\app\Models\Subject.php on line 5
[09-Apr-2025 13:07:09 UTC] PHP Fatal error:  Type of App\Models\ClassModel::$table must not be defined (as in class App\Models\Model) in C:\Users\koloz\Documents\Files\Iskola\2024-25\web\school_OOP\app\Models\ClassModel.php on line 5
[09-Apr-2025 13:07:27 UTC] PHP Warning:  Undefined property: App\Models\ClassModel::$code in C:\Users\koloz\Documents\Files\Iskola\2024-25\web\school_OOP\app\Views\Classes\index.php on line 8
[09-Apr-2025 13:07:27 UTC] PHP Warning:  Undefined property: App\Models\ClassModel::$code in C:\Users\koloz\Documents\Files\Iskola\2024-25\web\school_OOP\app\Views\Classes\index.php on line 8
[09-Apr-2025 13:07:27 UTC] PHP Warning:  Undefined property: App\Models\ClassModel::$code in C:\Users\koloz\Documents\Files\Iskola\2024-25\web\school_OOP\app\Views\Classes\index.php on line 8
[09-Apr-2025 13:07:27 UTC] PHP Warning:  Undefined property: App\Models\ClassModel::$code in C:\Users\koloz\Documents\Files\Iskola\2024-25\web\school_OOP\app\Views\Classes\index.php on line 8
[09-Apr-2025 13:07:27 UTC] PHP Warning:  Undefined property: App\Models\ClassModel::$code in C:\Users\koloz\Documents\Files\Iskola\2024-25\web\school_OOP\app\Views\Classes\index.php on line 8
[09-Apr-2025 13:07:27 UTC] PHP Warning:  Undefined property: App\Models\ClassModel::$code in C:\Users\koloz\Documents\Files\Iskola\2024-25\web\school_OOP\app\Views\Classes\index.php on line 8
[09-Apr-2025 13:07:27 UTC] PHP Warning:  Undefined property: App\Models\ClassModel::$code in C:\Users\koloz\Documents\Files\Iskola\2024-25\web\school_OOP\app\Views\Classes\index.php on line 8
[09-Apr-2025 13:07:27 UTC] PHP Warning:  Undefined property: App\Models\ClassModel::$code in C:\Users\koloz\Documents\Files\Iskola\2024-25\web\school_OOP\app\Views\Classes\index.php on line 8
[09-Apr-2025 13:07:27 UTC] PHP Warning:  Undefined property: App\Models\ClassModel::$code in C:\Users\koloz\Documents\Files\Iskola\2024-25\web\school_OOP\app\Views\Classes\index.php on line 8
[09-Apr-2025 13:07:27 UTC] PHP Warning:  Undefined property: App\Models\ClassModel::$code in C:\Users\koloz\Documents\Files\Iskola\2024-25\web\school_OOP\app\Views\Classes\index.php on line 8
[09-Apr-2025 13:07:27 UTC] PHP Warning:  Undefined property: App\Models\ClassModel::$code in C:\Users\koloz\Documents\Files\Iskola\2024-25\web\school_OOP\app\Views\Classes\index.php on line 8
[09-Apr-2025 13:07:27 UTC] PHP Warning:  Undefined property: App\Models\ClassModel::$code in C:\Users\koloz\Documents\Files\Iskola\2024-25\web\school_OOP\app\Views\Classes\index.php on line 8
[09-Apr-2025 13:07:27 UTC] PHP Warning:  Undefined property: App\Models\ClassModel::$code in C:\Users\koloz\Documents\Files\Iskola\2024-25\web\school_OOP\app\Views\Classes\index.php on line 8
[09-Apr-2025 13:07:27 UTC] PHP Warning:  Undefined property: App\Models\ClassModel::$code in C:\Users\koloz\Documents\Files\Iskola\2024-25\web\school_OOP\app\Views\Classes\index.php on line 8
[09-Apr-2025 13:07:27 UTC] PHP Warning:  Undefined property: App\Models\ClassModel::$code in C:\Users\koloz\Documents\Files\Iskola\2024-25\web\school_OOP\app\Views\Classes\index.php on line 8
[09-Apr-2025 13:07:27 UTC] PHP Warning:  Undefined property: App\Models\ClassModel::$code in C:\Users\koloz\Documents\Files\Iskola\2024-25\web\school_OOP\app\Views\Classes\index.php on line 8
[09-Apr-2025 13:07:27 UTC] PHP Warning:  Undefined property: App\Models\ClassModel::$code in C:\Users\koloz\Documents\Files\Iskola\2024-25\web\school_OOP\app\Views\Classes\index.php on line 8
[09-Apr-2025 13:07:27 UTC] PHP Warning:  Undefined property: App\Models\ClassModel::$code in C:\Users\koloz\Documents\Files\Iskola\2024-25\web\school_OOP\app\Views\Classes\index.php on line 8
[30-Apr-2025 11:44:28 UTC] PHP Warning:  Undefined variable $class in C:\Users\koloz\Documents\Files\Iskola\2024-25\web\school_OOP\app\Views\Classes\create.php on line 6
[30-Apr-2025 11:44:28 UTC] PHP Warning:  Attempt to read property "class_name" on null in C:\Users\koloz\Documents\Files\Iskola\2024-25\web\school_OOP\app\Views\Classes\create.php on line 6
[30-Apr-2025 11:44:28 UTC] PHP Warning:  Undefined variable $class in C:\Users\koloz\Documents\Files\Iskola\2024-25\web\school_OOP\app\Views\Classes\create.php on line 8
[30-Apr-2025 11:44:28 UTC] PHP Warning:  Attempt to read property "year" on null in C:\Users\koloz\Documents\Files\Iskola\2024-25\web\school_OOP\app\Views\Classes\create.php on line 8
[30-Apr-2025 11:44:51 UTC] PHP Warning:  Undefined variable $class in C:\Users\koloz\Documents\Files\Iskola\2024-25\web\school_OOP\app\Views\Classes\create.php on line 6
[30-Apr-2025 11:44:51 UTC] PHP Warning:  Attempt to read property "class_name" on null in C:\Users\koloz\Documents\Files\Iskola\2024-25\web\school_OOP\app\Views\Classes\create.php on line 6
[30-Apr-2025 11:44:51 UTC] PHP Warning:  Undefined variable $class in C:\Users\koloz\Documents\Files\Iskola\2024-25\web\school_OOP\app\Views\Classes\create.php on line 8
[30-Apr-2025 11:44:51 UTC] PHP Warning:  Attempt to read property "year" on null in C:\Users\koloz\Documents\Files\Iskola\2024-25\web\school_OOP\app\Views\Classes\create.php on line 8
[30-Apr-2025 11:44:53 UTC] PHP Warning:  Undefined variable $class in C:\Users\koloz\Documents\Files\Iskola\2024-25\web\school_OOP\app\Views\Classes\create.php on line 6
[30-Apr-2025 11:44:53 UTC] PHP Warning:  Attempt to read property "class_name" on null in C:\Users\koloz\Documents\Files\Iskola\2024-25\web\school_OOP\app\Views\Classes\create.php on line 6
[30-Apr-2025 11:44:53 UTC] PHP Warning:  Undefined variable $class in C:\Users\koloz\Documents\Files\Iskola\2024-25\web\school_OOP\app\Views\Classes\create.php on line 8
[30-Apr-2025 11:44:53 UTC] PHP Warning:  Attempt to read property "year" on null in C:\Users\koloz\Documents\Files\Iskola\2024-25\web\school_OOP\app\Views\Classes\create.php on line 8
[30-Apr-2025 12:09:19 UTC] SQLSTATE[23000]: Integrity constraint violation: 1048 Column 'year' cannot be null
